REGION TYPE,YEAR,WEEK,TOTAL SPECIMENS,A (2009 H1N1),A (H3),A (no subtype),B,H3N2v,A (H5),CTR_A (2009 H1N1),CTR_A (H3),CTR_A_not_determined,CTR_B,CTR_H3N2v,CTR_A (H5)
National,1997,40,1291,0,0,0,0,0,0,0,0,0,0,0,0
National,1997,41,1513,0,0,11,0,0,0,0,0,0.007270324,0,0,0
National,1997,42,1552,0,3,13,1,0,0,0,0.00193299,0.008376289,0.00064433,0,0
National,1997,43,1669,0,0,7,0,0,0,0,0,0.004194128,0,0,0
National,1997,44,1897,0,9,1,0,0,0,0,0.004744333,0.000527148,0,0,0
National,1997,45,2106,0,0,6,0,0,0,0,0,0.002849003,0,0,0
National,1997,46,2204,0,3,4,1,0,0,0,0.001361162,0.001814882,0.000453721,0,0
National,1997,47,2533,0,5,17,1,0,0,0,0.001973944,0.006711409,0.000394789,0,0
National,1997,48,2242,0,14,22,1,0,0,0,0.006244425,0.009812667,0.00044603,0,0
National,1997,49,2607,0,11,28,1,0,0,0,0.004219409,0.010740315,0.000383583,0,0
National,1997,50,3086,0,37,59,2,0,0,0,0.011989631,0.0191186,0.000648088,0,0
National,1997,51,3410,0,84,159,0,0,0,0,0.024633431,0.046627566,0,0,0
National,1997,52,3349,0,111,311,0,0,0,0,0.033144222,0.092863541,0,0,0
National,1997,53,4402,0,161,627,1,0,0,0,0.036574284,0.142435257,0.000227169,0,0
National,1998,1,5294,0,211,808,3,0,0,0,0.039856441,0.152625614,0.000566679,0,0
National,1998,2,5501,0,281,863,4,0,0,0,0.051081622,0.156880567,0.000727141,0,0
National,1998,3,6196,0,453,1132,1,0,0,0,0.073111685,0.182698515,0.000161394,0,0
National,1998,4,6730,0,589,1299,1,0,0,0,0.087518574,0.193016345,0.000148588,0,0
National,1998,5,6288,0,413,1266,1,0,0,0,0.065680662,0.201335878,0.000159033,0,0
National,1998,6,5867,0,363,1061,5,0,0,0,0.061871485,0.180841998,0.000852224,0,0
National,1998,7,4904,0,226,757,4,0,0,0,0.046084829,0.154363785,0.000815661,0,0
National,1998,8,3975,0,93,469,4,0,0,0,0.023396226,0.117987421,0.001006289,0,0
National,1998,9,3169,0,63,241,3,0,0,0,0.019880088,0.076049227,0.000946671,0,0
National,1998,10,2658,0,47,149,6,0,0,0,0.017682468,0.056057186,0.002257336,0,0
National,1998,11,2234,0,30,86,5,0,0,0,0.013428827,0.038495971,0.002238138,0,0
National,1998,12,2048,0,12,66,6,0,0,0,0.005859375,0.032226563,0.002929688,0,0
National,1998,13,1683,0,11,29,7,0,0,0,0.006535948,0.017231135,0.004159239,0,0
National,1998,14,1532,0,6,22,6,0,0,0,0.003916449,0.014360313,0.003916449,0,0
National,1998,15,1357,0,0,27,12,0,0,0,0,0.019896831,0.008843036,0,0
National,1998,16,1421,0,1,16,4,0,0,0,0.00070373,0.011259676,0.002814919,0,0
National,1998,17,1236,0,1,9,6,0,0,0,0.000809061,0.007281553,0.004854369,0,0
National,1998,18,1142,0,3,8,5,0,0,0,0.00262697,0.007005254,0.004378284,0,0
National,1998,19,1038,0,0,5,4,0,0,0,0,0.004816956,0.003853565,0,0
National,1998,20,938,0,0,2,7,0,0,0,0,0.002132196,0.007462687,0,0
National,1998,21,0,0,0,0,0,0,0,#DIV/0!,#DIV/0!,#DIV/0!,#DIV/0!,#DIV/0!,#DIV/0!
National,1998,22,0,0,0,0,0,0,0,#DIV/0!,#DIV/0!,#DIV/0!,#DIV/0!,#DIV/0!,#DIV/0!
National,1998,23,0,0,0,0,0,0,0,#DIV/0!,#DIV/0!,#DIV/0!,#DIV/0!,#DIV/0!,#DIV/0!
National,1998,24,0,0,0,0,0,0,0,#DIV/0!,#DIV/0!,#DIV/0!,#DIV/0!,#DIV/0!,#DIV/0!
National,1998,25,0,0,0,0,0,0,0,#DIV/0!,#DIV/0!,#DIV/0!,#DIV/0!,#DIV/0!,#DIV/0!
National,1998,26,0,0,0,0,0,0,0,#DIV/0!,#DIV/0!,#DIV/0!,#DIV/0!,#DIV/0!,#DIV/0!
National,1998,27,0,0,0,0,0,0,0,#DIV/0!,#DIV/0!,#DIV/0!,#DIV/0!,#DIV/0!,#DIV/0!
National,1998,28,0,0,0,0,0,0,0,#DIV/0!,#DIV/0!,#DIV/0!,#DIV/0!,#DIV/0!,#DIV/0!
National,1998,29,0,0,0,0,0,0,0,#DIV/0!,#DIV/0!,#DIV/0!,#DIV/0!,#DIV/0!,#DIV/0!
National,1998,30,0,0,0,0,0,0,0,#DIV/0!,#DIV/0!,#DIV/0!,#DIV/0!,#DIV/0!,#DIV/0!
National,1998,31,0,0,0,0,0,0,0,#DIV/0!,#DIV/0!,#DIV/0!,#DIV/0!,#DIV/0!,#DIV/0!
National,1998,32,0,0,0,0,0,0,0,#DIV/0!,#DIV/0!,#DIV/0!,#DIV/0!,#DIV/0!,#DIV/0!
National,1998,33,0,0,0,0,0,0,0,#DIV/0!,#DIV/0!,#DIV/0!,#DIV/0!,#DIV/0!,#DIV/0!
National,1998,34,0,0,0,0,0,0,0,#DIV/0!,#DIV/0!,#DIV/0!,#DIV/0!,#DIV/0!,#DIV/0!
National,1998,35,0,0,0,0,0,0,0,#DIV/0!,#DIV/0!,#DIV/0!,#DIV/0!,#DIV/0!,#DIV/0!
National,1998,36,0,0,0,0,0,0,0,#DIV/0!,#DIV/0!,#DIV/0!,#DIV/0!,#DIV/0!,#DIV/0!
National,1998,37,0,0,0,0,0,0,0,#DIV/0!,#DIV/0!,#DIV/0!,#DIV/0!,#DIV/0!,#DIV/0!
National,1998,38,0,0,0,0,0,0,0,#DIV/0!,#DIV/0!,#DIV/0!,#DIV/0!,#DIV/0!,#DIV/0!
National,1998,39,0,0,0,0,0,0,0,#DIV/0!,#DIV/0!,#DIV/0!,#DIV/0!,#DIV/0!,#DIV/0!
National,1998,40,1407,0,2,0,0,0,0,0,0.001421464,0,0,0,0
National,1998,41,1453,0,4,1,0,0,0,0,0.002752925,0.000688231,0,0,0
National,1998,42,1654,0,0,2,0,0,0,0,0,0.00120919,0,0,0
National,1998,43,1814,0,1,0,5,0,0,0,0.000551268,0,0.00275634,0,0
National,1998,44,2051,0,12,6,0,0,0,0,0.005850804,0.002925402,0,0,0
National,1998,45,2222,0,5,5,4,0,0,0,0.002250225,0.002250225,0.00180018,0,0
National,1998,46,2051,0,4,0,4,0,0,0,0.001950268,0,0.001950268,0,0
National,1998,47,1809,0,5,4,8,0,0,0,0.002763958,0.002211166,0.004422333,0,0
National,1998,48,2397,0,11,6,11,0,0,0,0.00458907,0.002503129,0.00458907,0,0
National,1998,49,2432,0,9,15,21,0,0,0,0.003700658,0.006167763,0.008634868,0,0
National,1998,50,2428,0,12,15,14,0,0,0,0.004942339,0.006177924,0.005766063,0,0
National,1998,51,2207,0,21,35,27,0,0,0,0.009515179,0.015858632,0.012233802,0,0
National,1998,52,2706,0,47,81,31,0,0,0,0.01736881,0.029933481,0.011456024,0,0
National,1999,1,3524,0,72,183,76,0,0,0,0.020431328,0.051929625,0.021566402,0,0
National,1999,2,3889,0,151,311,111,0,0,0,0.038827462,0.079969144,0.028542042,0,0
National,1999,3,4262,0,193,518,153,0,0,0,0.045283904,0.121539183,0.035898639,0,0
National,1999,4,5210,0,222,658,269,0,0,0,0.042610365,0.126295585,0.051631478,0,0
National,1999,5,6143,0,351,926,400,0,0,0,0.057138206,0.15074068,0.065114765,0,0
National,1999,6,6574,0,317,1134,407,0,0,0,0.048220262,0.172497718,0.061910557,0,0
National,1999,7,6723,0,262,1065,379,0,0,0,0.038970698,0.158411423,0.056373643,0,0
National,1999,8,6616,0,250,1052,366,0,0,0,0.037787183,0.159008464,0.055320435,0,0
National,1999,9,5933,0,184,868,334,0,0,0,0.031012978,0.146300354,0.056295297,0,0
National,1999,10,4289,0,137,528,216,0,0,0,0.031942178,0.123105619,0.05036139,0,0
National,1999,11,4014,0,100,346,176,0,0,0,0.024912805,0.086198306,0.043846537,0,0
National,1999,12,3242,0,78,264,121,0,0,0,0.024059223,0.081431215,0.03732264,0,0
National,1999,13,2712,0,42,121,61,0,0,0,0.015486726,0.044616519,0.022492625,0,0
National,1999,14,2222,0,27,110,38,0,0,0,0.012151215,0.04950495,0.01710171,0,0
National,1999,15,1721,0,15,75,20,0,0,0,0.008715863,0.043579314,0.01162115,0,0
National,1999,16,1368,0,11,17,8,0,0,0,0.008040936,0.012426901,0.005847953,0,0
National,1999,17,1108,0,5,20,3,0,0,0,0.004512635,0.018050542,0.002707581,0,0
National,1999,18,982,0,3,10,4,0,0,0,0.00305499,0.010183299,0.00407332,0,0
National,1999,19,801,0,0,5,4,0,0,0,0,0.006242197,0.004993758,0,0
National,1999,20,618,0,0,6,1,0,0,0,0,0.009708738,0.001618123,0,0
National,1999,21,239,0,0,7,0,0,0,0,0,0.029288703,0,0,0
National,1999,22,97,0,0,1,0,0,0,0,0,0.010309278,0,0,0
National,1999,23,20,0,0,0,0,0,0,0,0,0,0,0,0
National,1999,24,0,0,0,0,0,0,0,#DIV/0!,#DIV/0!,#DIV/0!,#DIV/0!,#DIV/0!,#DIV/0!
National,1999,25,0,0,0,0,0,0,0,#DIV/0!,#DIV/0!,#DIV/0!,#DIV/0!,#DIV/0!,#DIV/0!
National,1999,26,0,0,0,0,0,0,0,#DIV/0!,#DIV/0!,#DIV/0!,#DIV/0!,#DIV/0!,#DIV/0!
National,1999,27,0,0,0,0,0,0,0,#DIV/0!,#DIV/0!,#DIV/0!,#DIV/0!,#DIV/0!,#DIV/0!
National,1999,28,0,0,0,0,0,0,0,#DIV/0!,#DIV/0!,#DIV/0!,#DIV/0!,#DIV/0!,#DIV/0!
National,1999,29,0,0,0,0,0,0,0,#DIV/0!,#DIV/0!,#DIV/0!,#DIV/0!,#DIV/0!,#DIV/0!
National,1999,30,0,0,0,0,0,0,0,#DIV/0!,#DIV/0!,#DIV/0!,#DIV/0!,#DIV/0!,#DIV/0!
National,1999,31,0,0,0,0,0,0,0,#DIV/0!,#DIV/0!,#DIV/0!,#DIV/0!,#DIV/0!,#DIV/0!
National,1999,32,0,0,0,0,0,0,0,#DIV/0!,#DIV/0!,#DIV/0!,#DIV/0!,#DIV/0!,#DIV/0!
National,1999,33,0,0,0,0,0,0,0,#DIV/0!,#DIV/0!,#DIV/0!,#DIV/0!,#DIV/0!,#DIV/0!
National,1999,34,0,0,0,0,0,0,0,#DIV/0!,#DIV/0!,#DIV/0!,#DIV/0!,#DIV/0!,#DIV/0!
National,1999,35,0,0,0,0,0,0,0,#DIV/0!,#DIV/0!,#DIV/0!,#DIV/0!,#DIV/0!,#DIV/0!
National,1999,36,0,0,0,0,0,0,0,#DIV/0!,#DIV/0!,#DIV/0!,#DIV/0!,#DIV/0!,#DIV/0!
National,1999,37,0,0,0,0,0,0,0,#DIV/0!,#DIV/0!,#DIV/0!,#DIV/0!,#DIV/0!,#DIV/0!
National,1999,38,0,0,0,0,0,0,0,#DIV/0!,#DIV/0!,#DIV/0!,#DIV/0!,#DIV/0!,#DIV/0!
National,1999,39,0,0,0,0,0,0,0,#DIV/0!,#DIV/0!,#DIV/0!,#DIV/0!,#DIV/0!,#DIV/0!
National,1999,40,1687,0,11,7,0,0,0,0,0.006520451,0.004149378,0,0,0
National,1999,41,1883,0,10,9,1,0,0,0,0.005310674,0.004779607,0.000531067,0,0
National,1999,42,2097,0,18,26,3,0,0,0,0.008583691,0.012398665,0.001430615,0,0
National,1999,43,2162,0,31,26,0,0,0,0,0.014338575,0.012025902,0,0,0
National,1999,44,2454,0,60,34,2,0,0,0,0.024449878,0.013854931,0.000814996,0,0
National,1999,45,2576,0,82,66,0,0,0,0,0.031832298,0.025621118,0,0,0
National,1999,46,2862,0,137,94,0,0,0,0,0.047868623,0.032844165,0,0,0
National,1999,47,2709,0,131,154,1,0,0,0,0.048357327,0.056847545,0.00036914,0,0
National,1999,48,3845,0,207,320,0,0,0,0,0.053836151,0.083224967,0,0,0
National,1999,49,4422,0,189,653,1,0,0,0,0.042740841,0.147670737,0.000226142,0,0
National,1999,50,5597,0,284,1017,4,0,0,0,0.050741469,0.181704485,0.000714669,0,0
National,1999,51,5575,0,341,1382,1,0,0,0,0.061165919,0.247892377,0.000179372,0,0
National,1999,52,7323,0,376,1768,4,0,0,0,0.051345077,0.241431107,0.000546224,0,0
National,2000,1,8423,0,378,1722,1,0,0,0,0.044877122,0.204440223,0.000118723,0,0
National,2000,2,7722,0,464,1179,2,0,0,0,0.06008806,0.152680653,0.000259,0,0
National,2000,3,6242,0,302,737,3,0,0,0,0.048381929,0.118071131,0.000480615,0,0
National,2000,4,5482,0,244,443,5,0,0,0,0.044509303,0.080809923,0.000912076,0,0
National,2000,5,4550,0,153,321,1,0,0,0,0.033626374,0.070549451,0.00021978,0,0
National,2000,6,4059,0,126,275,4,0,0,0,0.031042129,0.067750678,0.000985464,0,0
National,2000,7,3523,0,69,178,6,0,0,0,0.01958558,0.050525121,0.001703094,0,0
National,2000,8,3142,0,41,132,9,0,0,0,0.013049013,0.042011458,0.002864418,0,0
National,2000,9,2698,0,26,60,5,0,0,0,0.009636768,0.022238695,0.001853225,0,0
National,2000,10,2195,0,18,29,6,0,0,0,0.008200456,0.013211845,0.002733485,0,0
National,2000,11,1960,0,7,22,5,0,0,0,0.003571429,0.01122449,0.00255102,0,0
National,2000,12,1879,0,1,16,3,0,0,0,0.000532198,0.008515168,0.001596594,0,0
National,2000,13,1708,0,3,8,3,0,0,0,0.00175644,0.004683841,0.00175644,0,0
National,2000,14,1506,0,1,8,4,0,0,0,0.000664011,0.005312085,0.002656042,0,0
National,2000,15,1294,0,0,8,5,0,0,0,0,0.00618238,0.003863988,0,0
National,2000,16,1212,0,5,10,5,0,0,0,0.004125413,0.008250825,0.004125413,0,0
National,2000,17,1108,0,0,9,4,0,0,0,0,0.008122744,0.003610108,0,0
National,2000,18,1061,0,0,2,6,0,0,0,0,0.001885014,0.005655042,0,0
National,2000,19,947,0,0,1,1,0,0,0,0,0.001055966,0.001055966,0,0
National,2000,20,865,0,0,0,2,0,0,0,0,0,0.002312139,0,0
National,2000,21,772,0,0,2,2,0,0,0,0,0.002590674,0.002590674,0,0
National,2000,22,620,0,0,2,0,0,0,0,0,0.003225806,0,0,0
National,2000,23,666,0,0,1,2,0,0,0,0,0.001501502,0.003003003,0,0
National,2000,24,680,0,0,0,1,0,0,0,0,0,0.001470588,0,0
National,2000,25,565,0,0,0,0,0,0,0,0,0,0,0,0
National,2000,26,551,0,0,0,1,0,0,0,0,0,0.001814882,0,0
National,2000,27,26,0,0,0,0,0,0,0,0,0,0,0,0
National,2000,28,41,0,0,0,0,0,0,0,0,0,0,0,0
National,2000,29,28,0,0,0,0,0,0,0,0,0,0,0,0
National,2000,30,5,0,0,0,0,0,0,0,0,0,0,0,0
National,2000,31,1,0,0,0,0,0,0,0,0,0,0,0,0
National,2000,32,0,0,0,0,0,0,0,#DIV/0!,#DIV/0!,#DIV/0!,#DIV/0!,#DIV/0!,#DIV/0!
National,2000,33,0,0,0,0,0,0,0,#DIV/0!,#DIV/0!,#DIV/0!,#DIV/0!,#DIV/0!,#DIV/0!
National,2000,34,0,0,0,0,0,0,0,#DIV/0!,#DIV/0!,#DIV/0!,#DIV/0!,#DIV/0!,#DIV/0!
National,2000,35,0,0,0,0,0,0,0,#DIV/0!,#DIV/0!,#DIV/0!,#DIV/0!,#DIV/0!,#DIV/0!
National,2000,36,0,0,0,0,0,0,0,#DIV/0!,#DIV/0!,#DIV/0!,#DIV/0!,#DIV/0!,#DIV/0!
National,2000,37,0,0,0,0,0,0,0,#DIV/0!,#DIV/0!,#DIV/0!,#DIV/0!,#DIV/0!,#DIV/0!
National,2000,38,0,0,0,0,0,0,0,#DIV/0!,#DIV/0!,#DIV/0!,#DIV/0!,#DIV/0!,#DIV/0!
National,2000,39,0,0,0,0,0,0,0,#DIV/0!,#DIV/0!,#DIV/0!,#DIV/0!,#DIV/0!,#DIV/0!
National,2000,40,1387,0,0,0,1,0,0,0,0,0,0.000720981,0,0
National,2000,41,1490,0,0,2,0,0,0,0,0,0.001342282,0,0,0
National,2000,42,1691,0,0,1,2,0,0,0,0,0.000591366,0.001182732,0,0
National,2000,43,1683,0,3,2,2,0,0,0,0.001782531,0.001188354,0.001188354,0,0
National,2000,44,1964,0,1,2,3,0,0,0,0.000509165,0.00101833,0.001527495,0,0
National,2000,45,1862,0,1,5,7,0,0,0,0.000537057,0.002685285,0.003759398,0,0
National,2000,46,2183,0,1,12,13,0,0,0,0.000458085,0.005497022,0.005955108,0,0
National,2000,47,2201,0,2,31,24,0,0,0,0.000908678,0.014084507,0.010904134,0,0
National,2000,48,2505,0,1,30,36,0,0,0,0.000399202,0.011976048,0.014371257,0,0
National,2000,49,2841,0,3,66,41,0,0,0,0.001055966,0.023231257,0.014431538,0,0
National,2000,50,3275,0,3,107,55,0,0,0,0.000916031,0.032671756,0.016793893,0,0
National,2000,51,3370,0,2,175,103,0,0,0,0.000593472,0.051928783,0.030563798,0,0
National,2000,52,3310,0,0,209,132,0,0,0,0,0.063141994,0.039879154,0,0
National,2001,1,3821,0,5,192,167,0,0,0,0.001308558,0.050248626,0.043705836,0,0
National,2001,2,4563,0,5,329,275,0,0,0,0.00109577,0.072101687,0.060267368,0,0
National,2001,3,5121,0,2,500,373,0,0,0,0.000390549,0.09763718,0.072837336,0,0
National,2001,4,5729,0,5,550,489,0,0,0,0.000872753,0.096002793,0.08535521,0,0
National,2001,5,5914,0,1,455,524,0,0,0,0.00016909,0.076936084,0.088603314,0,0
National,2001,6,5619,0,3,291,587,0,0,0,0.000533903,0.051788574,0.104466987,0,0
National,2001,7,4920,0,4,184,470,0,0,0,0.000813008,0.037398374,0.095528455,0,0
National,2001,8,4571,0,5,121,437,0,0,0,0.001093853,0.026471232,0.095602713,0,0
National,2001,9,4321,0,7,70,377,0,0,0,0.001619995,0.016199954,0.087248322,0,0
National,2001,10,3793,0,1,39,197,0,0,0,0.000263644,0.010282099,0.05193778,0,0
National,2001,11,3368,0,2,21,152,0,0,0,0.000593824,0.006235154,0.045130641,0,0
National,2001,12,3132,0,3,19,153,0,0,0,0.000957854,0.006066411,0.048850575,0,0
National,2001,13,2788,0,1,9,96,0,0,0,0.00035868,0.003228121,0.034433286,0,0
National,2001,14,2386,0,0,5,68,0,0,0,0,0.002095557,0.028499581,0,0
National,2001,15,2020,0,1,7,37,0,0,0,0.00049505,0.003465347,0.018316832,0,0
National,2001,16,1825,0,0,1,44,0,0,0,0,0.000547945,0.024109589,0,0
National,2001,17,1640,0,0,0,21,0,0,0,0,0,0.012804878,0,0
National,2001,18,1528,0,0,1,8,0,0,0,0,0.00065445,0.005235602,0,0
National,2001,19,1359,0,0,1,6,0,0,0,0,0.000735835,0.004415011,0,0
National,2001,20,1317,0,0,0,9,0,0,0,0,0,0.006833713,0,0
National,2001,21,1125,0,0,1,0,0,0,0,0,0.000888889,0,0,0
National,2001,22,977,0,0,2,0,0,0,0,0,0.002047083,0,0,0
National,2001,23,523,0,0,0,0,0,0,0,0,0,0,0,0
National,2001,24,38,0,0,1,0,0,0,0,0,0.026315789,0,0,0
National,2001,25,50,0,0,0,0,0,0,0,0,0,0,0,0
National,2001,26,52,0,0,0,0,0,0,0,0,0,0,0,0
National,2001,27,23,0,0,0,0,0,0,0,0,0,0,0,0
National,2001,28,37,0,0,0,0,0,0,0,0,0,0,0,0
National,2001,29,22,0,0,0,0,0,0,0,0,0,0,0,0
National,2001,30,26,0,0,0,0,0,0,0,0,0,0,0,0
National,2001,31,24,0,0,0,0,0,0,0,0,0,0,0,0
National,2001,32,24,0,0,0,0,0,0,0,0,0,0,0,0
National,2001,33,43,0,0,0,0,0,0,0,0,0,0,0,0
National,2001,34,34,0,0,0,0,0,0,0,0,0,0,0,0
National,2001,35,16,0,0,0,0,0,0,0,0,0,0,0,0
National,2001,36,19,0,0,0,0,0,0,0,0,0,0,0,0
National,2001,37,9,0,0,0,0,0,0,0,0,0,0,0,0
National,2001,38,7,0,0,0,0,0,0,0,0,0,0,0,0
National,2001,39,0,0,0,0,0,0,0,#DIV/0!,#DIV/0!,#DIV/0!,#DIV/0!,#DIV/0!,#DIV/0!
National,2001,40,1154,0,4,3,1,0,0,0,0.003466205,0.002599653,0.000866551,0,0
National,2001,41,1415,0,2,3,0,0,0,0,0.001413428,0.002120141,0,0,0
National,2001,42,1468,0,3,5,0,0,0,0,0.002043597,0.003405995,0,0,0
National,2001,43,1583,0,9,8,0,0,0,0,0.005685407,0.005053696,0,0,0
National,2001,44,1704,0,6,6,0,0,0,0,0.003521127,0.003521127,0,0,0
National,2001,45,1843,0,12,1,0,0,0,0,0.006511123,0.000542594,0,0,0
National,2001,46,2096,0,37,8,1,0,0,0,0.017652672,0.003816794,0.000477099,0,0
National,2001,47,2052,0,25,5,3,0,0,0,0.012183236,0.002436647,0.001461988,0,0
National,2001,48,2401,0,50,23,1,0,0,0,0.020824656,0.009579342,0.000416493,0,0
National,2001,49,2331,0,34,43,5,0,0,0,0.014586015,0.018447018,0.002145002,0,0
National,2001,50,2434,0,39,69,2,0,0,0,0.016023007,0.028348398,0.000821693,0,0
National,2001,51,2915,0,44,118,4,0,0,0,0.01509434,0.040480274,0.001372213,0,0
National,2001,52,2621,0,51,168,1,0,0,0,0.019458222,0.064097673,0.000381534,0,0
National,2002,1,3531,0,108,234,2,0,0,0,0.030586236,0.066270178,0.000566412,0,0
National,2002,2,3900,0,144,390,6,0,0,0,0.036923077,0.1,0.001538462,0,0
National,2002,3,4696,0,268,653,5,0,0,0,0.057069847,0.139054514,0.001064736,0,0
National,2002,4,5816,0,387,840,12,0,0,0,0.066540578,0.144429161,0.002063274,0,0
National,2002,5,6466,0,450,997,24,0,0,0,0.069594804,0.154191154,0.003711723,0,0
National,2002,6,7191,0,613,1001,19,0,0,0,0.085245446,0.13920178,0.002642192,0,0
National,2002,7,7572,0,615,1160,28,0,0,0,0.081220285,0.153195985,0.003697834,0,0
National,2002,8,7358,0,538,1216,68,0,0,0,0.073117695,0.1652623,0.009241642,0,0
National,2002,9,6217,0,384,947,86,0,0,0,0.061766125,0.152324272,0.013833038,0,0
National,2002,10,5368,0,264,730,136,0,0,0,0.049180328,0.135991058,0.02533532,0,0
National,2002,11,4337,0,156,475,166,0,0,0,0.035969564,0.109522712,0.038275306,0,0
National,2002,12,3763,0,103,254,210,0,0,0,0.027371778,0.067499336,0.055806537,0,0
National,2002,13,3332,0,44,127,284,0,0,0,0.013205282,0.038115246,0.085234094,0,0
National,2002,14,2660,0,20,72,235,0,0,0,0.007518797,0.027067669,0.088345865,0,0
National,2002,15,2329,0,17,40,192,0,0,0,0.00729927,0.017174753,0.082438815,0,0
National,2002,16,2001,0,18,12,226,0,0,0,0.008995502,0.005997001,0.112943528,0,0
National,2002,17,1820,0,9,8,138,0,0,0,0.004945055,0.004395604,0.075824176,0,0
National,2002,18,1643,0,11,7,149,0,0,0,0.00669507,0.004260499,0.090687766,0,0
National,2002,19,1655,0,0,4,140,0,0,0,0,0.002416918,0.084592145,0,0
National,2002,20,1467,0,0,1,86,0,0,0,0,0.000681663,0.05862304,0,0
National,2002,21,1302,0,0,3,61,0,0,0,0,0.002304147,0.046850998,0,0
National,2002,22,995,0,0,2,34,0,0,0,0,0.00201005,0.034170854,0,0
National,2002,23,948,0,0,1,25,0,0,0,0,0.001054852,0.026371308,0,0
National,2002,24,850,0,0,0,7,0,0,0,0,0,0.008235294,0,0
National,2002,25,692,0,0,0,2,0,0,0,0,0,0.002890173,0,0
National,2002,26,700,0,0,0,4,0,0,0,0,0,0.005714286,0,0
National,2002,27,490,0,0,0,2,0,0,0,0,0,0.004081633,0,0
National,2002,28,591,0,0,0,1,0,0,0,0,0,0.001692047,0,0
National,2002,29,578,0,0,0,0,0,0,0,0,0,0,0,0
National,2002,30,601,0,0,1,1,0,0,0,0,0.001663894,0.001663894,0,0
National,2002,31,530,0,0,0,0,0,0,0,0,0,0,0,0
National,2002,32,566,0,0,0,0,0,0,0,0,0,0,0,0
National,2002,33,516,0,0,0,0,0,0,0,0,0,0,0,0
National,2002,34,533,0,0,0,0,0,0,0,0,0,0,0,0
National,2002,35,588,0,0,0,1,0,0,0,0,0,0.00170068,0,0
National,2002,36,482,0,0,0,0,0,0,0,0,0,0,0,0
National,2002,37,561,0,0,0,0,0,0,0,0,0,0,0,0
National,2002,38,475,0,1,1,1,0,0,0,0.002105263,0.002105263,0.002105263,0,0
National,2002,39,391,0,0,0,2,0,0,0,0,0,0.00511509,0,0
National,2002,40,1443,0,0,0,0,0,0,0,0,0,0,0,0
National,2002,41,1517,0,0,1,1,0,0,0,0,0.000659196,0.000659196,0,0
National,2002,42,1590,0,0,0,0,0,0,0,0,0,0,0,0
National,2002,43,1774,0,0,1,1,0,0,0,0,0.000563698,0.000563698,0,0
National,2002,44,1636,0,0,3,3,0,0,0,0,0.001833741,0.001833741,0,0
National,2002,45,1988,0,2,0,3,0,0,0,0.001006036,0,0.001509054,0,0
National,2002,46,2107,0,0,6,4,0,0,0,0,0.002847651,0.001898434,0,0
National,2002,47,2091,0,0,4,16,0,0,0,0,0.00191296,0.007651841,0,0
National,2002,48,1900,0,3,5,6,0,0,0,0.001578947,0.002631579,0.003157895,0,0
National,2002,49,2414,0,3,5,28,0,0,0,0.001242751,0.002071251,0.011599006,0,0
National,2002,50,2493,0,2,14,73,0,0,0,0.000802246,0.005615724,0.02928199,0,0
National,2002,51,2910,0,3,25,146,0,0,0,0.001030928,0.008591065,0.050171821,0,0
National,2002,52,2368,0,6,18,119,0,0,0,0.002533784,0.007601351,0.050253378,0,0
National,2003,1,2632,0,8,31,82,0,0,0,0.003039514,0.011778116,0.031155015,0,0
National,2003,2,2828,0,19,46,134,0,0,0,0.006718529,0.016265912,0.04738331,0,0
National,2003,3,3108,0,11,76,202,0,0,0,0.003539254,0.024453024,0.064993565,0,0
National,2003,4,3352,0,24,142,276,0,0,0,0.007159905,0.042362768,0.082338902,0,0
National,2003,5,4166,0,53,215,413,0,0,0,0.012722036,0.051608257,0.099135862,0,0
National,2003,6,4874,0,76,332,598,0,0,0,0.015592942,0.068116537,0.122691834,0,0
National,2003,7,4676,0,115,299,517,0,0,0,0.02459367,0.063943541,0.110564585,0,0
National,2003,8,4416,0,126,249,368,0,0,0,0.028532609,0.05638587,0.083333333,0,0
National,2003,9,4348,0,101,233,357,0,0,0,0.023229071,0.053587856,0.082106716,0,0
National,2003,10,3633,0,87,179,214,0,0,0,0.023947151,0.049270575,0.058904487,0,0
National,2003,11,3422,0,62,174,175,0,0,0,0.01811806,0.050847458,0.051139684,0,0
National,2003,12,3435,0,77,133,124,0,0,0,0.022416303,0.038719068,0.036098981,0,0
National,2003,13,2820,0,29,91,71,0,0,0,0.010283688,0.032269504,0.025177305,0,0
National,2003,14,2352,0,32,88,41,0,0,0,0.013605442,0.037414966,0.017431973,0,0
National,2003,15,2131,0,23,47,16,0,0,0,0.010793055,0.022055373,0.007508212,0,0
National,2003,16,1777,0,20,33,23,0,0,0,0.011254924,0.018570625,0.012943163,0,0
National,2003,17,1406,0,20,18,11,0,0,0,0.014224751,0.012802276,0.007823613,0,0
National,2003,18,1222,0,16,16,20,0,0,0,0.01309329,0.01309329,0.016366612,0,0
National,2003,19,1121,0,7,5,10,0,0,0,0.006244425,0.004460303,0.008920607,0,0
National,2003,20,931,0,3,3,6,0,0,0,0.003222342,0.003222342,0.006444683,0,0
National,2003,21,872,0,5,1,7,0,0,0,0.005733945,0.001146789,0.008027523,0,0
National,2003,22,705,0,2,0,4,0,0,0,0.002836879,0,0.005673759,0,0
National,2003,23,721,0,0,2,8,0,0,0,0,0.002773925,0.0110957,0,0
National,2003,24,683,0,3,0,4,0,0,0,0.004392387,0,0.005856515,0,0
National,2003,25,551,0,1,1,2,0,0,0,0.001814882,0.001814882,0.003629764,0,0
National,2003,26,439,0,1,0,0,0,0,0,0.002277904,0,0,0,0
National,2003,27,643,0,1,0,0,0,0,0,0.00155521,0,0,0,0
National,2003,28,632,0,2,1,0,0,0,0,0.003164557,0.001582278,0,0,0
National,2003,29,697,0,4,0,0,0,0,0,0.005738881,0,0,0,0
National,2003,30,636,0,4,0,0,0,0,0,0.006289308,0,0,0,0
National,2003,31,632,0,7,0,1,0,0,0,0.011075949,0,0.001582278,0,0
National,2003,32,632,0,2,0,0,0,0,0,0.003164557,0,0,0,0
National,2003,33,761,0,2,1,0,0,0,0,0.002628121,0.00131406,0,0,0
National,2003,34,649,0,0,0,0,0,0,0,0,0,0,0,0
National,2003,35,672,0,0,0,0,0,0,0,0,0,0,0,0
National,2003,36,512,0,0,2,0,0,0,0,0,0.00390625,0,0,0
National,2003,37,604,0,1,0,0,0,0,0,0.001655629,0,0,0,0
National,2003,38,535,0,1,1,0,0,0,0,0.001869159,0.001869159,0,0,0
National,2003,39,414,0,0,0,0,0,0,0,0,0,0,0,0
National,2003,40,1430,0,2,19,1,0,0,0,0.001398601,0.013286713,0.000699301,0,0
National,2003,41,1682,0,3,74,0,0,0,0,0.001783591,0.043995244,0,0,0
National,2003,42,2176,0,17,235,1,0,0,0,0.0078125,0.107996324,0.000459559,0,0
National,2003,43,2568,0,56,398,4,0,0,0,0.021806854,0.154984424,0.001557632,0,0
National,2003,44,2753,0,100,435,0,0,0,0,0.03632401,0.158009444,0,0,0
National,2003,45,3553,0,273,585,3,0,0,0,0.076836476,0.164649592,0.000844357,0,0
National,2003,46,4595,0,381,908,2,0,0,0,0.082916213,0.197606094,0.000435256,0,0
National,2003,47,5942,0,585,1375,8,0,0,0,0.0984517,0.231403568,0.001346348,0,0
National,2003,48,6479,0,489,1752,10,0,0,0,0.07547461,0.270412101,0.001543448,0,0
National,2003,49,9598,0,977,2260,32,0,0,0,0.10179204,0.235465722,0.003334028,0,0
National,2003,50,12422,0,1401,2660,29,0,0,0,0.112783771,0.21413621,0.002334568,0,0
National,2003,51,11783,0,1084,2525,20,0,0,0,0.091996945,0.214291776,0.001697361,0,0
National,2003,52,9748,0,569,1826,16,0,0,0,0.058370948,0.187320476,0.001641362,0,0
National,2003,53,8461,0,463,1226,12,0,0,0,0.054721664,0.14490013,0.001418272,0,0
National,2004,1,6936,0,280,573,9,0,0,0,0.040369089,0.082612457,0.001297578,0,0
National,2004,2,5411,0,169,331,5,0,0,0,0.031232674,0.061171687,0.000924044,0,0
National,2004,3,4329,0,96,161,3,0,0,0,0.022176022,0.037191037,0.000693001,0,0
National,2004,4,4166,0,93,70,3,0,0,0,0.022323572,0.016802688,0.000720115,0,0
National,2004,5,3661,0,46,58,2,0,0,0,0.012564873,0.015842666,0.000546299,0,0
National,2004,6,3530,0,24,36,5,0,0,0,0.006798867,0.0101983,0.001416431,0,0
National,2004,7,3136,0,29,19,8,0,0,0,0.009247449,0.006058673,0.00255102,0,0
National,2004,8,2559,0,16,10,12,0,0,0,0.006252442,0.003907776,0.004689332,0,0
National,2004,9,2651,0,4,6,8,0,0,0,0.001508865,0.002263297,0.003017729,0,0
National,2004,10,2369,0,2,6,6,0,0,0,0.000844238,0.002532714,0.002532714,0,0
National,2004,11,2239,0,4,7,2,0,0,0,0.001786512,0.003126396,0.000893256,0,0
National,2004,12,1801,0,5,4,15,0,0,0,0.002776235,0.002220988,0.008328706,0,0
National,2004,13,1850,0,3,5,9,0,0,0,0.001621622,0.002702703,0.004864865,0,0
National,2004,14,1778,0,0,1,8,0,0,0,0,0.00056243,0.004499438,0,0
National,2004,15,1564,0,0,3,12,0,0,0,0,0.001918159,0.007672634,0,0
National,2004,16,1449,0,2,11,11,0,0,0,0.001380262,0.007591442,0.007591442,0,0
National,2004,17,1377,0,0,4,7,0,0,0,0,0.002904866,0.005083515,0,0
National,2004,18,1298,0,0,3,6,0,0,0,0,0.002311248,0.004622496,0,0
National,2004,19,1241,0,0,0,2,0,0,0,0,0,0.001611604,0,0
National,2004,20,1105,0,0,1,3,0,0,0,0,0.000904977,0.002714932,0,0
National,2004,21,1055,0,1,2,3,0,0,0,0.000947867,0.001895735,0.002843602,0,0
National,2004,22,823,0,0,2,4,0,0,0,0,0.002430134,0.004860267,0,0
National,2004,23,793,0,0,1,2,0,0,0,0,0.001261034,0.002522068,0,0
National,2004,24,844,0,0,0,2,0,0,0,0,0,0.002369668,0,0
National,2004,25,741,0,1,1,1,0,0,0,0.001349528,0.001349528,0.001349528,0,0
National,2004,26,730,0,1,0,2,0,0,0,0.001369863,0,0.002739726,0,0
National,2004,27,573,0,0,0,1,0,0,0,0,0,0.001745201,0,0
National,2004,28,746,0,0,0,2,0,0,0,0,0,0.002680965,0,0
National,2004,29,563,0,0,0,2,0,0,0,0,0,0.003552398,0,0
National,2004,30,671,0,0,0,0,0,0,0,0,0,0,0,0
National,2004,31,628,0,1,0,1,0,0,0,0.001592357,0,0.001592357,0,0
National,2004,32,620,0,1,0,0,0,0,0,0.001612903,0,0,0,0
National,2004,33,647,0,0,0,1,0,0,0,0,0,0.001545595,0,0
National,2004,34,823,0,0,3,1,0,0,0,0,0.0036452,0.001215067,0,0
National,2004,35,827,0,4,0,0,0,0,0,0.004836759,0,0,0,0
National,2004,36,822,0,0,0,3,0,0,0,0,0,0.003649635,0,0
National,2004,37,907,0,1,4,2,0,0,0,0.001102536,0.004410143,0.002205072,0,0
National,2004,38,890,0,2,1,1,0,0,0,0.002247191,0.001123596,0.001123596,0,0
National,2004,39,919,0,4,8,2,0,0,0,0.004352557,0.008705114,0.002176279,0,0
National,2004,40,1860,0,5,3,4,0,0,0,0.002688172,0.001612903,0.002150538,0,0
National,2004,41,2154,0,10,3,1,0,0,0,0.004642526,0.001392758,0.000464253,0,0
National,2004,42,2412,0,16,12,11,0,0,0,0.006633499,0.004975124,0.004560531,0,0
National,2004,43,2620,0,13,12,7,0,0,0,0.004961832,0.004580153,0.002671756,0,0
National,2004,44,2771,0,19,10,16,0,0,0,0.00685673,0.003608805,0.005774089,0,0
National,2004,45,3074,0,28,10,24,0,0,0,0.009108653,0.00325309,0.007807417,0,0
National,2004,46,3310,0,41,30,21,0,0,0,0.012386707,0.009063444,0.006344411,0,0
National,2004,47,3111,0,18,22,21,0,0,0,0.005785921,0.007071681,0.006750241,0,0
National,2004,48,3826,0,65,40,32,0,0,0,0.016989022,0.010454783,0.008363826,0,0
National,2004,49,3846,0,88,73,32,0,0,0,0.022880915,0.018980759,0.008320333,0,0
National,2004,50,4359,0,114,126,45,0,0,0,0.026152787,0.028905712,0.010323469,0,0
National,2004,51,4509,0,186,290,54,0,0,0,0.041250832,0.064315813,0.011976048,0,0
National,2004,52,5807,0,340,510,123,0,0,0,0.058550026,0.087825039,0.021181333,0,0
National,2005,1,6921,0,405,712,166,0,0,0,0.058517555,0.102875307,0.023984973,0,0
National,2005,2,6646,0,308,634,182,0,0,0,0.046343665,0.095395727,0.027384893,0,0
National,2005,3,6948,0,377,892,212,0,0,0,0.054260219,0.128382268,0.030512378,0,0
National,2005,4,8010,0,514,1045,306,0,0,0,0.064169788,0.130461923,0.038202247,0,0
National,2005,5,8654,0,687,1214,424,0,0,0,0.079385255,0.140281951,0.048994685,0,0
National,2005,6,9684,0,640,1451,478,0,0,0,0.066088393,0.149834779,0.049359769,0,0
National,2005,7,10586,0,692,1398,613,0,0,0,0.065369356,0.132061213,0.057906669,0,0
National,2005,8,9710,0,524,1135,618,0,0,0,0.053964985,0.116889804,0.063645726,0,0
National,2005,9,8511,0,228,950,520,0,0,0,0.026788861,0.111620256,0.061097403,0,0
National,2005,10,7580,0,163,635,418,0,0,0,0.021503958,0.083773087,0.055145119,0,0
National,2005,11,6540,0,148,489,471,0,0,0,0.022629969,0.074770642,0.072018349,0,0
National,2005,12,5928,0,103,303,463,0,0,0,0.017375169,0.05111336,0.078103914,0,0
National,2005,13,5134,0,54,167,343,0,0,0,0.010518115,0.032528243,0.066809505,0,0
National,2005,14,3894,0,47,96,212,0,0,0,0.012069851,0.024653313,0.054442732,0,0
National,2005,15,3339,0,14,39,123,0,0,0,0.004192872,0.011680144,0.036837376,0,0
National,2005,16,2933,0,21,26,75,0,0,0,0.007159905,0.008864644,0.025571088,0,0
National,2005,17,2570,0,12,15,42,0,0,0,0.004669261,0.005836576,0.016342412,0,0
National,2005,18,2250,0,10,8,33,0,0,0,0.004444444,0.003555556,0.014666667,0,0
National,2005,19,2136,0,13,5,19,0,0,0,0.006086142,0.002340824,0.008895131,0,0
National,2005,20,1889,0,20,3,16,0,0,0,0.010587612,0.001588142,0.00847009,0,0
National,2005,21,1809,0,9,3,19,0,0,0,0.004975124,0.001658375,0.01050304,0,0
National,2005,22,1682,0,5,3,15,0,0,0,0.002972652,0.001783591,0.008917955,0,0
National,2005,23,1576,0,4,0,8,0,0,0,0.002538071,0,0.005076142,0,0
National,2005,24,1514,0,3,2,10,0,0,0,0.001981506,0.001321004,0.00660502,0,0
National,2005,25,1229,0,5,1,5,0,0,0,0.004068348,0.00081367,0.004068348,0,0
National,2005,26,1215,0,0,6,1,0,0,0,0,0.004938272,0.000823045,0,0
National,2005,27,1073,0,1,0,4,0,0,0,0.000931966,0,0.003727866,0,0
National,2005,28,991,0,0,0,2,0,0,0,0,0,0.002018163,0,0
National,2005,29,983,0,0,1,2,0,0,0,0,0.001017294,0.002034588,0,0
National,2005,30,1124,0,1,0,1,0,0,0,0.00088968,0,0.00088968,0,0
National,2005,31,1018,0,0,0,0,0,0,0,0,0,0,0,0
National,2005,32,964,0,3,1,0,0,0,0,0.003112033,0.001037344,0,0,0
National,2005,33,989,0,0,5,0,0,0,0,0,0.005055612,0,0,0
National,2005,34,1016,0,2,2,0,0,0,0,0.001968504,0.001968504,0,0,0
National,2005,35,1054,0,2,3,1,0,0,0,0.001897533,0.0028463,0.000948767,0,0
National,2005,36,1031,0,1,0,0,0,0,0,0.000969932,0,0,0,0
National,2005,37,1099,0,4,0,1,0,0,0,0.003639672,0,0.000909918,0,0
National,2005,38,1280,0,2,0,0,0,0,0,0.0015625,0,0,0,0
National,2005,39,1421,0,2,4,1,0,0,0,0.00140746,0.002814919,0.00070373,0,0
National,2005,40,1894,0,6,4,1,0,0,0,0.003167899,0.002111932,0.000527983,0,0
National,2005,41,2191,0,6,4,2,0,0,0,0.002738476,0.00182565,0.000912825,0,0
National,2005,42,2349,0,12,8,5,0,0,0,0.005108557,0.003405705,0.002128565,0,0
National,2005,43,2780,0,6,6,2,0,0,0,0.002158273,0.002158273,0.000719424,0,0
National,2005,44,2890,0,13,7,3,0,0,0,0.00449827,0.002422145,0.001038062,0,0
National,2005,45,3320,0,21,14,7,0,0,0,0.006325301,0.004216867,0.002108434,0,0
National,2005,46,3861,0,18,23,4,0,0,0,0.004662005,0.005957006,0.001036001,0,0
National,2005,47,3268,0,19,30,3,0,0,0,0.005813953,0.009179927,0.000917993,0,0
National,2005,48,4056,0,57,56,2,0,0,0,0.014053254,0.013806706,0.000493097,0,0
National,2005,49,3863,0,126,79,8,0,0,0,0.032617137,0.020450427,0.002070929,0,0
National,2005,50,4618,0,269,125,5,0,0,0,0.058250325,0.027067995,0.00108272,0,0
National,2005,51,5418,0,296,383,11,0,0,0,0.054632706,0.070690292,0.002030269,0,0
National,2005,52,5829,0,336,425,23,0,0,0,0.05764282,0.072911306,0.003945788,0,0
National,2006,1,6417,0,259,468,24,0,0,0,0.04036154,0.072931276,0.003740065,0,0
National,2006,2,6378,0,297,520,22,0,0,0,0.046566322,0.08153026,0.003449357,0,0
National,2006,3,6255,0,285,565,29,0,0,0,0.045563549,0.090327738,0.004636291,0,0
National,2006,4,6732,0,308,714,33,0,0,0,0.045751634,0.106060606,0.004901961,0,0
National,2006,5,7029,0,314,779,74,0,0,0,0.044672073,0.110826576,0.010527813,0,0
National,2006,6,7226,0,321,825,142,0,0,0,0.044422917,0.114171049,0.019651259,0,0
National,2006,7,8105,0,372,1013,184,0,0,0,0.045897594,0.124984577,0.022702036,0,0
National,2006,8,7948,0,364,1003,242,0,0,0,0.045797685,0.126195269,0.030447911,0,0
National,2006,9,7978,0,435,942,396,0,0,0,0.054524944,0.118074705,0.0496365,0,0
National,2006,10,7819,0,411,881,408,0,0,0,0.052564267,0.112674255,0.052180586,0,0
National,2006,11,6995,0,276,624,441,0,0,0,0.039456755,0.089206576,0.063045032,0,0
National,2006,12,6444,0,181,498,432,0,0,0,0.028088144,0.077281192,0.067039106,0,0
National,2006,13,5424,0,134,340,438,0,0,0,0.024705015,0.062684366,0.080752212,0,0
National,2006,14,4459,0,53,202,312,0,0,0,0.011886073,0.045301637,0.069970845,0,0
National,2006,15,4032,0,51,142,241,0,0,0,0.01264881,0.035218254,0.059771825,0,0
National,2006,16,3499,0,30,74,218,0,0,0,0.008573878,0.0211489,0.062303515,0,0
National,2006,17,2675,0,2,53,135,0,0,0,0.000747664,0.019813084,0.05046729,0,0
National,2006,18,2516,0,7,53,128,0,0,0,0.002782194,0.021065183,0.050874404,0,0
National,2006,19,2453,0,0,49,116,0,0,0,0,0.01997554,0.047289034,0,0
National,2006,20,2399,0,1,41,87,0,0,0,0.00041684,0.017090454,0.03626511,0,0
National,2006,21,2058,0,0,28,93,0,0,0,0,0.013605442,0.045189504,0,0
National,2006,22,1663,0,0,19,50,0,0,0,0,0.011425135,0.030066146,0,0
National,2006,23,1444,0,0,8,38,0,0,0,0,0.005540166,0.026315789,0,0
National,2006,24,1267,0,0,11,11,0,0,0,0,0.008681926,0.008681926,0,0
National,2006,25,1178,0,0,2,10,0,0,0,0,0.001697793,0.008488964,0,0
National,2006,26,1017,0,1,2,6,0,0,0,0.000983284,0.001966568,0.005899705,0,0
National,2006,27,907,0,0,4,2,0,0,0,0,0.004410143,0.002205072,0,0
National,2006,28,914,0,1,6,0,0,0,0,0.001094092,0.006564551,0,0,0
National,2006,29,917,0,0,9,2,0,0,0,0,0.009814613,0.002181025,0,0
National,2006,30,863,0,1,8,2,0,0,0,0.001158749,0.009269988,0.002317497,0,0
National,2006,31,943,0,0,16,1,0,0,0,0,0.016967126,0.001060445,0,0
National,2006,32,899,0,0,9,2,0,0,0,0,0.010011123,0.002224694,0,0
National,2006,33,862,0,0,7,2,0,0,0,0,0.00812065,0.002320186,0,0
National,2006,34,898,0,0,9,3,0,0,0,0,0.010022272,0.003340757,0,0
National,2006,35,907,0,0,8,4,0,0,0,0,0.008820287,0.004410143,0,0
National,2006,36,881,0,0,8,0,0,0,0,0,0.00908059,0,0,0
National,2006,37,1067,0,0,17,1,0,0,0,0,0.015932521,0.000937207,0,0
National,2006,38,996,0,0,11,2,0,0,0,0,0.011044177,0.002008032,0,0
National,2006,39,971,0,0,13,3,0,0,0,0,0.01338826,0.003089598,0,0
National,2006,40,2309,0,2,26,15,0,0,0,0.000866176,0.011260286,0.006496319,0,0
National,2006,41,2502,0,1,37,9,0,0,0,0.00039968,0.014788169,0.003597122,0,0
National,2006,42,2900,0,4,37,22,0,0,0,0.00137931,0.012758621,0.007586207,0,0
National,2006,43,3237,0,2,46,23,0,0,0,0.000617856,0.014210689,0.007105344,0,0
National,2006,44,3765,0,1,75,42,0,0,0,0.000265604,0.019920319,0.011155378,0,0
National,2006,45,4262,0,1,93,43,0,0,0,0.000234632,0.021820741,0.01008916,0,0
National,2006,46,4525,0,2,74,32,0,0,0,0.000441989,0.016353591,0.007071823,0,0
National,2006,47,4538,0,2,110,28,0,0,0,0.000440723,0.024239753,0.006170119,0,0
National,2006,48,5642,0,1,111,54,0,0,0,0.000177242,0.019673875,0.009571074,0,0
National,2006,49,5805,0,2,145,62,0,0,0,0.000344531,0.024978467,0.010680448,0,0
National,2006,50,6686,0,9,306,120,0,0,0,0.001346096,0.045767275,0.017947951,0,0
National,2006,51,7083,0,10,392,133,0,0,0,0.001411831,0.055343781,0.018777354,0,0
National,2006,52,6777,0,14,366,123,0,0,0,0.002065811,0.054006197,0.018149624,0,0
National,2007,1,6711,0,14,240,86,0,0,0,0.002086127,0.035762181,0.012814782,0,0
National,2007,2,6430,0,35,293,86,0,0,0,0.005443235,0.045567652,0.013374806,0,0
National,2007,3,6200,0,44,420,80,0,0,0,0.007096774,0.067741935,0.012903226,0,0
National,2007,4,7200,0,86,760,154,0,0,0,0.011944444,0.105555556,0.021388889,0,0
National,2007,5,8261,0,107,1172,203,0,0,0,0.012952427,0.141871444,0.024573296,0,0
National,2007,6,8986,0,133,1491,411,0,0,0,0.014800801,0.165924772,0.045737814,0,0
National,2007,7,9780,0,133,1544,416,0,0,0,0.013599182,0.157873211,0.042535787,0,0
National,2007,8,9947,0,156,1388,526,0,0,0,0.015683121,0.13953956,0.052880265,0,0
National,2007,9,8634,0,192,1006,550,0,0,0,0.022237665,0.116516099,0.063701645,0,0
National,2007,10,7848,0,199,751,470,0,0,0,0.025356779,0.09569317,0.05988787,0,0
National,2007,11,6928,0,207,569,430,0,0,0,0.029878753,0.082130485,0.062066975,0,0
National,2007,12,6460,0,165,491,369,0,0,0,0.025541796,0.076006192,0.057120743,0,0
National,2007,13,5558,0,173,322,211,0,0,0,0.031126304,0.057934509,0.037963296,0,0
National,2007,14,4698,0,101,228,156,0,0,0,0.02149851,0.04853129,0.033205619,0,0
National,2007,15,4243,0,186,158,140,0,0,0,0.043836908,0.037237803,0.032995522,0,0
National,2007,16,3857,0,126,138,81,0,0,0,0.032667877,0.035779103,0.021000778,0,0
National,2007,17,3015,0,119,86,68,0,0,0,0.03946932,0.028524046,0.022553897,0,0
National,2007,18,3006,0,81,51,56,0,0,0,0.026946108,0.016966068,0.018629408,0,0
National,2007,19,2531,0,38,43,38,0,0,0,0.015013829,0.016989332,0.015013829,0,0
National,2007,20,2341,0,23,39,27,0,0,0,0.009824861,0.016659547,0.011533533,0,0
National,2007,21,1944,0,32,34,14,0,0,0,0.016460905,0.017489712,0.007201646,0,0
National,2007,22,1696,0,7,12,9,0,0,0,0.004127358,0.007075472,0.005306604,0,0
National,2007,23,1670,0,5,10,4,0,0,0,0.002994012,0.005988024,0.00239521,0,0
National,2007,24,1529,0,6,13,7,0,0,0,0.003924133,0.008502289,0.004578156,0,0
National,2007,25,1300,0,1,2,2,0,0,0,0.000769231,0.001538462,0.001538462,0,0
National,2007,26,1278,0,1,10,4,0,0,0,0.000782473,0.007824726,0.00312989,0,0
National,2007,27,1121,0,3,8,5,0,0,0,0.002676182,0.007136485,0.004460303,0,0
National,2007,28,1195,0,8,9,2,0,0,0,0.006694561,0.007531381,0.00167364,0,0
National,2007,29,1154,0,3,8,1,0,0,0,0.002599653,0.006932409,0.000866551,0,0
National,2007,30,1165,0,7,14,2,0,0,0,0.006008584,0.012017167,0.001716738,0,0
National,2007,31,1217,0,6,14,2,0,0,0,0.004930156,0.011503698,0.001643385,0,0
National,2007,32,1157,0,5,14,4,0,0,0,0.004321521,0.012100259,0.003457217,0,0
National,2007,33,1120,0,2,10,0,0,0,0,0.001785714,0.008928571,0,0,0
National,2007,34,1170,0,0,21,1,0,0,0,0,0.017948718,0.000854701,0,0
National,2007,35,1204,0,0,13,7,0,0,0,0,0.010797342,0.005813953,0,0
National,2007,36,1093,0,0,14,0,0,0,0,0,0.012808783,0,0,0
National,2007,37,1228,0,1,8,7,0,0,0,0.000814332,0.006514658,0.005700326,0,0
National,2007,38,954,0,1,15,3,0,0,0,0.001048218,0.01572327,0.003144654,0,0
National,2007,39,1052,0,1,16,0,0,0,0,0.00095057,0.015209125,0,0,0
National,2007,40,2382,0,2,20,5,0,0,0,0.000839631,0.008396306,0.002099076,0,0
National,2007,41,2534,0,3,22,0,0,0,0,0.001183899,0.008681926,0,0,0
National,2007,42,2953,0,2,28,2,0,0,0,0.000677277,0.009481883,0.000677277,0,0
National,2007,43,3179,0,2,27,5,0,0,0,0.000629129,0.008493237,0.001572822,0,0
National,2007,44,3575,0,0,53,11,0,0,0,0,0.014825175,0.003076923,0,0
National,2007,45,3797,0,10,47,11,0,0,0,0.002633658,0.012378193,0.002897024,0,0
National,2007,46,4131,0,6,55,2,0,0,0,0.001452433,0.013313968,0.000484144,0,0
National,2007,47,4040,0,2,90,13,0,0,0,0.00049505,0.022277228,0.003217822,0,0
National,2007,48,4855,0,12,86,14,0,0,0,0.002471679,0.017713697,0.002883625,0,0
National,2007,49,4909,0,10,113,22,0,0,0,0.002037075,0.023018945,0.004481564,0,0
National,2007,50,5157,0,22,117,26,0,0,0,0.004266046,0.022687609,0.005041691,0,0
National,2007,51,5877,0,28,167,51,0,0,0,0.004764336,0.028415858,0.008677897,0,0
National,2007,52,6269,0,26,259,86,0,0,0,0.004147392,0.041314404,0.013718296,0,0
National,2008,1,6829,0,61,318,107,0,0,0,0.008932494,0.046566115,0.015668473,0,0
National,2008,2,7383,0,145,529,163,0,0,0,0.019639713,0.07165109,0.022077746,0,0
National,2008,3,7814,0,205,703,209,0,0,0,0.026234963,0.089966726,0.026746865,0,0
National,2008,4,9474,0,385,1215,342,0,0,0,0.040637534,0.128245725,0.036098797,0,0
National,2008,5,13459,0,627,2301,660,0,0,0,0.046585928,0.170963667,0.049037819,0,0
National,2008,6,15342,0,841,2835,930,0,0,0,0.054816843,0.18478686,0.060617912,0,0
National,2008,7,15171,0,837,2703,1085,0,0,0,0.05517105,0.178168875,0.071518028,0,0
National,2008,8,17359,0,975,2730,1383,0,0,0,0.05616683,0.157267124,0.079670488,0,0
National,2008,9,16097,0,823,2095,1412,0,0,0,0.051127539,0.130148475,0.087718208,0,0
National,2008,10,15181,0,630,1505,1387,0,0,0,0.041499242,0.099137079,0.091364205,0,0
National,2008,11,11648,0,484,916,1095,0,0,0,0.041552198,0.07864011,0.094007555,0,0
National,2008,12,9498,0,395,596,903,0,0,0,0.041587703,0.062750053,0.095072647,0,0
National,2008,13,7800,0,178,419,777,0,0,0,0.022820513,0.053717949,0.099615385,0,0
National,2008,14,6183,0,110,266,511,0,0,0,0.017790716,0.043021187,0.082645965,0,0
National,2008,15,5285,0,56,144,416,0,0,0,0.010596026,0.027246925,0.07871334,0,0
National,2008,16,4103,0,32,83,234,0,0,0,0.007799171,0.020229101,0.05703144,0,0
National,2008,17,3556,0,11,44,131,0,0,0,0.003093363,0.012373453,0.036839145,0,0
National,2008,18,2724,0,9,37,79,0,0,0,0.003303965,0.013582966,0.029001468,0,0
National,2008,19,2539,0,10,12,43,0,0,0,0.003938558,0.00472627,0.016935801,0,0
National,2008,20,2414,0,4,14,20,0,0,0,0.001657001,0.005799503,0.008285004,0,0
National,2008,21,2115,0,4,9,15,0,0,0,0.001891253,0.004255319,0.007092199,0,0
National,2008,22,1927,0,2,7,10,0,0,0,0.001037883,0.00363259,0.005189414,0,0
National,2008,23,1850,0,1,11,5,0,0,0,0.000540541,0.005945946,0.002702703,0,0
National,2008,24,1502,0,0,5,7,0,0,0,0,0.003328895,0.004660453,0,0
National,2008,25,1467,0,2,3,2,0,0,0,0.001363327,0.00204499,0.001363327,0,0
National,2008,26,1325,0,0,0,6,0,0,0,0,0,0.004528302,0,0
National,2008,27,1203,0,0,1,3,0,0,0,0,0.000831255,0.002493766,0,0
National,2008,28,1269,0,1,0,4,0,0,0,0.000788022,0,0.003152088,0,0
National,2008,29,1203,0,0,2,2,0,0,0,0,0.00166251,0.00166251,0,0
National,2008,30,1163,0,5,4,0,0,0,0,0.004299226,0.003439381,0,0,0
National,2008,31,1125,0,1,2,4,0,0,0,0.000888889,0.001777778,0.003555556,0,0
National,2008,32,1102,0,0,5,1,0,0,0,0,0.004537205,0.000907441,0,0
National,2008,33,1053,0,0,0,1,0,0,0,0,0,0.000949668,0,0
National,2008,34,1090,0,1,1,3,0,0,0,0.000917431,0.000917431,0.002752294,0,0
National,2008,35,1271,0,0,2,3,0,0,0,0,0.001573564,0.002360346,0,0
National,2008,36,1336,0,0,5,0,0,0,0,0,0.003742515,0,0,0
National,2008,37,1562,0,2,7,2,0,0,0,0.00128041,0.004481434,0.00128041,0,0
National,2008,38,1886,0,3,11,3,0,0,0,0.001590668,0.00583245,0.001590668,0,0
National,2008,39,2009,0,0,8,2,0,0,0,0,0.003982081,0.00099552,0,0
National,2008,40,2759,0,0,8,6,0,0,0,0,0.002899601,0.002174701,0,0
National,2008,41,2874,0,4,8,6,0,0,0,0.001391788,0.002783577,0.002087683,0,0
National,2008,42,2937,0,3,15,6,0,0,0,0.00102145,0.005107252,0.002042901,0,0
National,2008,43,3434,0,0,24,15,0,0,0,0,0.006988934,0.004368084,0,0
National,2008,44,3545,0,3,21,6,0,0,0,0.000846262,0.005923836,0.001692525,0,0
National,2008,45,4154,0,3,23,12,0,0,0,0.000722195,0.005536832,0.002888782,0,0
National,2008,46,4418,0,2,23,12,0,0,0,0.000452694,0.005205976,0.002716161,0,0
National,2008,47,4739,0,1,32,26,0,0,0,0.000211015,0.006752479,0.00548639,0,0
National,2008,48,4836,0,1,48,20,0,0,0,0.000206782,0.009925558,0.004135649,0,0
National,2008,49,5598,0,6,58,18,0,0,0,0.001071811,0.010360843,0.003215434,0,0
National,2008,50,5989,0,10,69,42,0,0,0,0.001669728,0.011521122,0.007012857,0,0
National,2008,51,6301,0,19,113,60,0,0,0,0.003015394,0.017933661,0.009522298,0,0
National,2008,52,6031,0,14,156,45,0,0,0,0.00232134,0.025866357,0.007461449,0,0
National,2008,53,6592,0,19,177,50,0,0,0,0.002882282,0.026850728,0.007584951,0,0
National,2009,1,6981,0,35,299,79,0,0,0,0.005013608,0.04283054,0.01131643,0,0
National,2009,2,6995,0,25,425,103,0,0,0,0.003573981,0.060757684,0.014724803,0,0
National,2009,3,7943,0,51,670,190,0,0,0,0.006420748,0.084351001,0.023920433,0,0
National,2009,4,9484,0,81,944,381,0,0,0,0.0085407,0.099536061,0.040172923,0,0
National,2009,5,11707,0,55,1382,687,0,0,0,0.004698044,0.11804903,0.058682839,0,0
National,2009,6,12691,0,68,1357,947,0,0,0,0.005358128,0.106926168,0.074619809,0,0
National,2009,7,11741,0,73,1065,931,0,0,0,0.006217528,0.090707776,0.079294779,0,0
National,2009,8,11912,0,58,1006,1152,0,0,0,0.00486904,0.084452653,0.096709201,0,0
National,2009,9,10970,0,69,885,1168,0,0,0,0.006289881,0.080674567,0.106472197,0,0
National,2009,10,9595,0,70,627,1062,0,0,0,0.007295466,0.065346535,0.110682647,0,0
National,2009,11,8628,0,63,433,919,0,0,0,0.007301808,0.050185443,0.106513676,0,0
National,2009,12,7343,0,45,285,631,0,0,0,0.006128285,0.038812474,0.08593218,0,0
National,2009,13,5778,0,27,178,472,0,0,0,0.004672897,0.030806507,0.081689166,0,0
National,2009,14,5095,0,35,130,276,0,0,0,0.00686948,0.025515211,0.054170756,0,0
National,2009,15,4674,0,29,83,185,0,0,0,0.006204536,0.017757809,0.039580659,0,0
National,2009,16,4219,14,37,117,113,0,0,0.003318322,0.008769851,0.02773169,0.026783598,0,0
National,2009,17,36203,1354,935,721,800,0,0,0.037400215,0.025826589,0.019915477,0.022097616,0,0
National,2009,18,34659,2484,893,826,486,0,0,0.071669696,0.025765313,0.023832194,0.014022332,0,0
National,2009,19,16820,1741,298,714,134,0,0,0.103507729,0.017717004,0.042449465,0.007966706,0,0
National,2009,20,15410,2796,322,838,93,0,0,0.181440623,0.020895522,0.054380273,0.006035042,0,0
National,2009,21,13483,3144,304,991,42,0,0,0.233182526,0.022546911,0.073499963,0.003115034,0,0
National,2009,22,13553,3967,441,889,24,0,0,0.292702723,0.032538921,0.065594333,0.001770826,0,0
National,2009,23,13762,4203,268,1212,15,0,0,0.305406191,0.019473914,0.088068595,0.001089958,0,0
National,2009,24,14264,4587,221,1308,9,0,0,0.3215788,0.01549355,0.091699383,0.000630959,0,0
National,2009,25,12117,3267,76,1026,6,0,0,0.269621193,0.00627218,0.084674424,0.000495172,0,0
National,2009,26,10913,2637,41,770,7,0,0,0.241638413,0.003756987,0.07055805,0.000641437,0,0
National,2009,27,10713,2753,45,626,7,0,0,0.256977504,0.004200504,0.058433679,0.000653412,0,0
National,2009,28,9808,2123,29,543,3,0,0,0.216455954,0.00295677,0.055362969,0.000305873,0,0
National,2009,29,8646,1901,16,420,3,0,0,0.21987046,0.001850567,0.048577377,0.000346981,0,0
National,2009,30,9184,1990,11,522,4,0,0,0.216681185,0.001197735,0.056837979,0.00043554,0,0
National,2009,31,8424,1471,7,504,2,0,0,0.174620133,0.000830959,0.05982906,0.000237417,0,0
National,2009,32,8572,1462,8,449,5,0,0,0.170555296,0.000933271,0.052379841,0.000583294,0,0
National,2009,33,10003,1905,18,504,1,0,0,0.190442867,0.00179946,0.050384885,1.00E-04,0,0
National,2009,34,11636,1792,15,729,15,0,0,0.154004813,0.001289103,0.062650395,0.001289103,0,0
National,2009,35,13008,1798,11,1079,1,0,0,0.138222632,0.000845633,0.082948954,7.69E-05,0,0
National,2009,36,14896,2132,6,1424,10,0,0,0.143125671,0.000402793,0.095596133,0.000671321,0,0
National,2009,37,16682,2456,1,1804,4,0,0,0.147224553,5.99E-05,0.108140511,0.000239779,0,0
National,2009,38,16820,2614,6,1905,11,0,0,0.155410226,0.000356718,0.113258026,0.000653983,0,0
National,2009,39,15419,3456,4,1451,12,0,0,0.224139049,0.00025942,0.094104676,0.000778261,0,0
National,2009,40,23980,6178,2,1840,21,0,0,0.257631359,8.34E-05,0.076730609,0.00087573,0,0
National,2009,41,29005,8858,0,2021,18,0,0,0.305395621,0,0.069677642,0.000620583,0,0
National,2009,42,31511,10050,5,2318,32,0,0,0.318936244,0.000158675,0.073561613,0.001015518,0,0
National,2009,43,28104,7968,2,2010,17,0,0,0.28351836,7.12E-05,0.071520068,0.000604896,0,0
National,2009,44,24986,6208,2,1488,24,0,0,0.248459137,8.00E-05,0.05955335,0.000960538,0,0
National,2009,45,21788,4812,2,1186,14,0,0,0.220855517,9.18E-05,0.054433633,0.000642556,0,0
National,2009,46,18493,2848,0,767,12,0,0,0.154004218,0,0.041475153,0.000648894,0,0
National,2009,47,13301,1474,3,454,5,0,0,0.110818735,0.000225547,0.034132772,0.000375912,0,0
National,2009,48,13134,1048,0,331,30,0,0,0.079792904,0,0.025201766,0.002284148,0,0
National,2009,49,11364,630,3,218,16,0,0,0.055438226,0.000263992,0.019183386,0.001407955,0,0
National,2009,50,10494,496,3,164,13,0,0,0.047265104,0.000285878,0.015627978,0.001238803,0,0
National,2009,51,8622,273,0,147,4,0,0,0.031663187,0,0.017049408,0.000463929,0,0
National,2009,52,9617,311,1,147,9,0,0,0.032338567,0.000103983,0.015285432,0.000935843,0,0
National,2010,1,9456,272,1,95,11,0,0,0.028764805,0.000105753,0.010046531,0.001163283,0,0
National,2010,2,8753,272,3,130,11,0,0,0.03107506,0.00034274,0.014852051,0.001256712,0,0
National,2010,3,8468,324,1,151,1,0,0,0.038261691,0.000118092,0.017831838,0.000118092,0,0
National,2010,4,8378,282,3,134,9,0,0,0.033659585,0.000358081,0.015994271,0.001074242,0,0
National,2010,5,8243,307,0,108,10,0,0,0.037243722,0,0.013102026,0.001213151,0,0
National,2010,6,8099,250,0,109,9,0,0,0.030868008,0,0.013458452,0.001111248,0,0
National,2010,7,8375,281,0,112,7,0,0,0.033552239,0,0.013373134,0.000835821,0,0
National,2010,8,8074,335,1,99,3,0,0,0.041491206,0.000123854,0.01226158,0.000371563,0,0
National,2010,9,7514,353,0,102,6,0,0,0.046978973,0,0.013574661,0.000798509,0,0
National,2010,10,7502,364,0,119,13,0,0,0.048520395,0,0.015862437,0.001732871,0,0
National,2010,11,6485,262,1,103,4,0,0,0.040400925,0.000154202,0.015882806,0.000616808,0,0
National,2010,12,5654,180,1,58,11,0,0,0.031835868,0.000176866,0.010258224,0.001945525,0,0
National,2010,13,5246,166,1,55,6,0,0,0.031643157,0.000190621,0.010484178,0.001143729,0,0
National,2010,14,4716,102,1,26,1,0,0,0.021628499,0.000212044,0.005513147,0.000212044,0,0
National,2010,15,4095,60,2,14,8,0,0,0.014652015,0.0004884,0.003418803,0.001953602,0,0
National,2010,16,3740,20,2,12,13,0,0,0.005347594,0.000534759,0.003208556,0.003475936,0,0
National,2010,17,3660,17,0,5,4,0,0,0.004644809,0,0.00136612,0.001092896,0,0
National,2010,18,3117,18,1,3,3,0,0,0.005774783,0.000320821,0.000962464,0.000962464,0,0
National,2010,19,2891,6,2,6,4,0,0,0.002075406,0.000691802,0.002075406,0.001383604,0,0
National,2010,20,2903,7,1,4,3,0,0,0.002411299,0.000344471,0.001377885,0.001033414,0,0
National,2010,21,2689,0,0,3,2,0,0,0,0,0.001115656,0.000743771,0,0
National,2010,22,2136,3,1,0,2,0,0,0.001404494,0.000468165,0,0.00093633,0,0
National,2010,23,2163,1,1,1,3,0,0,0.000462321,0.000462321,0.000462321,0.001386963,0,0
National,2010,24,2033,1,4,1,3,0,0,0.000491884,0.001967536,0.000491884,0.001475652,0,0
National,2010,25,1987,3,4,1,0,0,0,0.001509814,0.002013085,0.000503271,0,0,0
National,2010,26,1820,1,1,1,1,0,0,0.000549451,0.000549451,0.000549451,0.000549451,0,0
National,2010,27,1636,1,4,0,0,0,0,0.000611247,0.002444988,0,0,0,0
National,2010,28,1620,2,7,0,2,0,0,0.001234568,0.004320988,0,0.001234568,0,0
National,2010,29,1606,3,2,0,3,0,0,0.001867995,0.00124533,0,0.001867995,0,0
National,2010,30,1686,1,13,4,5,0,0,0.00059312,0.007710558,0.002372479,0.002965599,0,0
National,2010,31,1520,4,9,2,1,0,0,0.002631579,0.005921053,0.001315789,0.000657895,0,0
National,2010,32,1676,7,10,2,10,0,0,0.004176611,0.005966587,0.001193317,0.005966587,0,0
National,2010,33,1790,5,11,0,3,0,0,0.002793296,0.006145251,0,0.001675978,0,0
National,2010,34,1967,10,18,6,6,0,0,0.005083884,0.009150991,0.00305033,0.00305033,0,0
National,2010,35,2212,7,14,3,4,0,0,0.003164557,0.006329114,0.001356239,0.001808318,0,0
National,2010,36,2336,9,16,7,4,0,0,0.00385274,0.006849315,0.002996575,0.001712329,0,0
National,2010,37,2698,5,31,7,6,0,0,0.001853225,0.011489993,0.002594514,0.00222387,0,0
National,2010,38,2960,0,30,9,9,0,0,0,0.010135135,0.003040541,0.003040541,0,0
National,2010,39,2988,2,20,8,10,0,0,0.000669344,0.00669344,0.002677376,0.00334672,0,0
National,2010,40,3600,7,18,29,23,0,0,0.001944444,0.005,0.008055556,0.006388889,0,0
National,2010,41,4006,13,36,43,36,0,0,0.003245132,0.00898652,0.010733899,0.00898652,0,0
National,2010,42,4112,8,35,51,45,0,0,0.001945525,0.008511673,0.012402724,0.01094358,0,0
National,2010,43,4240,13,56,45,52,0,0,0.003066038,0.013207547,0.010613208,0.012264151,0,0
National,2010,44,4608,12,61,68,106,0,0,0.002604167,0.013237847,0.014756944,0.023003472,0,0
National,2010,45,5377,15,79,93,163,0,0,0.00278966,0.014692208,0.01729589,0.030314302,0,0
National,2010,46,5578,23,123,104,237,0,0,0.004123342,0.022050914,0.018644676,0.042488347,0,0
National,2010,47,5533,11,155,156,265,0,0,0.001988072,0.028013736,0.02819447,0.047894451,0,0
National,2010,48,5975,35,176,126,260,0,0,0.005857741,0.029456067,0.021087866,0.043514644,0,0
National,2010,49,6361,48,359,126,310,0,0,0.007545983,0.056437667,0.019808206,0.048734476,0,0
National,2010,50,7692,83,551,274,542,0,0,0.010790432,0.071632865,0.035621425,0.070462819,0,0
National,2010,51,8172,112,789,456,689,0,0,0.013705335,0.096549192,0.055800294,0.084312286,0,0
National,2010,52,9030,197,1015,512,648,0,0,0.021816168,0.112403101,0.056699889,0.071760797,0,0
National,2011,1,10441,346,1159,551,572,0,0,0.033138588,0.111004693,0.052772723,0.054784025,0,0
National,2011,2,10190,557,1216,626,585,0,0,0.054661433,0.119332679,0.061432777,0.057409225,0,0
National,2011,3,11067,832,1437,700,741,0,0,0.075178458,0.129845487,0.063251107,0.066955815,0,0
National,2011,4,12950,1074,1524,877,972,0,0,0.082934363,0.117683398,0.067722008,0.075057915,0,0
National,2011,5,13875,1231,1481,1073,1127,0,0,0.088720721,0.106738739,0.077333333,0.081225225,0,0
National,2011,6,14647,1267,1488,1145,1177,0,0,0.086502355,0.101590769,0.078173005,0.080357752,0,0
National,2011,7,16401,1432,1570,1360,1354,0,0,0.087311749,0.09572587,0.082921773,0.082555942,0,0
National,2011,8,15033,1170,1235,1048,1204,0,0,0.077828777,0.082152598,0.069713297,0.080090468,0,0
National,2011,9,12990,954,997,738,884,0,0,0.073441109,0.076751347,0.056812933,0.068052348,0,0
National,2011,10,11625,714,858,503,691,0,0,0.061419355,0.073806452,0.043268817,0.05944086,0,0
National,2011,11,9860,457,609,371,563,0,0,0.046348884,0.061764706,0.037626775,0.057099391,0,0
National,2011,12,8443,264,426,265,406,0,0,0.031268506,0.050455999,0.031386948,0.048087173,0,0
National,2011,13,7107,168,283,166,293,0,0,0.023638666,0.039819896,0.023357253,0.041226959,0,0
National,2011,14,6481,87,208,87,254,0,0,0.013423854,0.032093813,0.013423854,0.039191483,0,0
National,2011,15,5615,46,141,54,159,0,0,0.008192342,0.025111309,0.009617097,0.028317008,0,0
National,2011,16,4642,30,60,29,86,0,0,0.006462732,0.012925463,0.006247307,0.018526497,0,0
National,2011,17,3976,10,28,32,63,0,0,0.002515091,0.007042254,0.00804829,0.01584507,0,0
National,2011,18,3611,11,23,10,25,0,0,0.003046248,0.006369427,0.002769316,0.00692329,0,0
National,2011,19,3271,2,11,8,15,0,0,0.000611434,0.003362886,0.002445735,0.004585754,0,0
National,2011,20,3079,3,6,4,13,0,0,0.000974342,0.001948685,0.001299123,0.00422215,0,0
National,2011,21,2705,3,4,6,5,0,0,0.001109057,0.001478743,0.002218115,0.001848429,0,0
National,2011,22,2442,2,0,5,6,0,0,0.000819001,0,0.002047502,0.002457002,0,0
National,2011,23,2259,0,0,2,4,0,0,0,0,0.000885347,0.001770695,0,0
National,2011,24,2109,2,1,6,0,0,0,0.000948317,0.000474158,0.00284495,0,0,0
National,2011,25,1967,0,0,2,3,0,0,0,0,0.001016777,0.001525165,0,0
National,2011,26,1560,2,0,1,1,0,0,0.001282051,0,0.000641026,0.000641026,0,0
National,2011,27,1498,2,1,1,1,0,0,0.001335113,0.000667557,0.000667557,0.000667557,0,0
National,2011,28,1500,0,4,1,4,0,0,0,0.002666667,0.000666667,0.002666667,0,0
National,2011,29,1500,0,4,1,5,0,0,0,0.002666667,0.000666667,0.003333333,0,0
National,2011,30,1307,0,1,2,1,0,0,0,0.000765111,0.001530222,0.000765111,0,0
National,2011,31,1428,3,2,3,3,0,0,0.00210084,0.00140056,0.00210084,0.00210084,0,0
National,2011,32,1433,1,3,7,2,0,0,0.000697837,0.00209351,0.004884857,0.001395673,0,0
National,2011,33,1506,2,5,6,3,0,0,0.001328021,0.003320053,0.003984064,0.001992032,0,0
National,2011,34,1705,0,5,6,6,0,0,0,0.002932551,0.003519062,0.003519062,0,0
National,2011,35,1925,2,3,9,1,0,0,0.001038961,0.001558442,0.004675325,0.000519481,0,0
National,2011,36,2056,1,3,7,2,0,0,0.000486381,0.001459144,0.003404669,0.000972763,0,0
National,2011,37,2326,0,6,11,4,0,0,0,0.002579536,0.004729149,0.00171969,0,0
National,2011,38,2612,0,5,8,8,0,0,0,0.001914242,0.003062787,0.003062787,0,0
National,2011,39,2920,1,18,10,6,0,0,0.000342466,0.006164384,0.003424658,0.002054795,0,0
National,2011,40,3192,3,14,7,9,0,0,0.00093985,0.004385965,0.002192982,0.002819549,0,0
National,2011,41,3316,0,9,2,8,0,0,0,0.002714113,0.000603136,0.002412545,0,0
National,2011,42,3425,2,10,8,8,0,0,0.000583942,0.002919708,0.002335766,0.002335766,0,0
National,2011,43,3749,0,12,20,12,0,0,0,0.003200854,0.005334756,0.003200854,0,0
National,2011,44,4075,1,17,12,9,0,0,0.000245399,0.004171779,0.002944785,0.002208589,0,0
National,2011,45,4326,2,15,17,15,0,0,0.000462321,0.003467406,0.003929727,0.003467406,0,0
National,2011,46,4580,0,15,17,12,0,0,0,0.003275109,0.00371179,0.002620087,0,0
National,2011,47,4108,3,23,30,19,0,0,0.000730282,0.005598832,0.007302824,0.004625122,0,0
National,2011,48,4669,2,32,21,17,0,0,0.000428357,0.006853716,0.004497751,0.003641037,0,0
National,2011,49,4710,5,38,45,20,0,0,0.001061571,0.008067941,0.00955414,0.004246285,0,0
National,2011,50,4906,4,78,31,20,0,0,0.000815328,0.015898899,0.006318793,0.004076641,0,0
National,2011,51,5151,7,104,62,24,0,0,0.001358959,0.020190254,0.012036498,0.004659289,0,0
National,2011,52,5470,4,107,53,18,0,0,0.000731261,0.019561243,0.009689214,0.003290676,0,0
National,2012,1,5690,16,101,44,22,0,0,0.002811951,0.017750439,0.007732865,0.003866432,0,0
National,2012,2,5341,31,142,47,15,0,0,0.005804157,0.026586782,0.00879985,0.002808463,0,0
National,2012,3,5364,50,195,57,18,0,0,0.009321402,0.036353468,0.010626398,0.003355705,0,0
National,2012,4,5840,84,257,100,32,0,0,0.014383562,0.044006849,0.017123288,0.005479452,0,0
National,2012,5,6251,128,365,144,43,0,0,0.020476724,0.058390657,0.023036314,0.006878899,0,0
National,2012,6,6413,167,419,167,56,0,0,0.026040855,0.065336036,0.026040855,0.008732263,0,0
National,2012,7,7298,233,508,271,71,0,0,0.031926555,0.069608112,0.037133461,0.009728693,0,0
National,2012,8,7596,319,690,356,78,0,0,0.041995787,0.090837283,0.046866772,0.010268562,0,0
National,2012,9,8485,488,988,433,112,0,0,0.057513259,0.116440778,0.051031232,0.013199764,0,0
National,2012,10,8459,538,1232,491,123,0,0,0.063600898,0.145643693,0.058044686,0.014540726,0,0
National,2012,11,8822,599,1396,516,199,0,0,0.067898436,0.158240762,0.058490138,0.022557243,0,0
National,2012,12,7974,445,1086,427,237,0,0,0.055806371,0.136192626,0.053549034,0.029721595,0,0
National,2012,13,7450,311,719,332,244,0,0,0.041744966,0.096510067,0.044563758,0.032751678,0,0
National,2012,14,6695,266,629,308,275,0,0,0.039731143,0.093950709,0.046004481,0.041075429,0,0
National,2012,15,6304,188,591,212,298,0,0,0.029822335,0.09375,0.033629442,0.047271574,0,0
National,2012,16,5689,119,540,201,314,0,0,0.02091756,0.094920021,0.035331341,0.055194234,0,0
National,2012,17,4980,74,361,151,274,0,0,0.014859438,0.07248996,0.030321285,0.05502008,0,0
National,2012,18,4522,53,299,119,252,0,0,0.011720478,0.066121185,0.026315789,0.055727554,0,0
National,2012,19,4061,33,229,88,266,0,0,0.008126077,0.056390052,0.02166954,0.065501108,0,0
National,2012,20,3811,23,162,69,254,0,0,0.006035161,0.042508528,0.018105484,0.066649173,0,0
National,2012,21,3729,11,76,69,260,0,0,0.002949853,0.020380799,0.01850362,0.069723787,0,0
National,2012,22,3347,3,78,56,228,0,0,0.000896325,0.023304452,0.016731401,0.068120705,0,0
National,2012,23,3055,7,45,44,197,0,0,0.002291326,0.014729951,0.014402619,0.064484452,0,0
National,2012,24,2898,2,52,56,179,0,0,0.000690131,0.017943409,0.019323671,0.061766736,0,0
National,2012,25,2529,2,36,30,103,0,0,0.000790826,0.014234875,0.011862396,0.04072756,0,0
National,2012,26,2255,0,17,22,113,0,0,0,0.007538803,0.009756098,0.050110865,0,0
National,2012,27,1970,1,15,18,59,0,0,0.000507614,0.007614213,0.009137056,0.029949239,0,0
National,2012,28,2052,4,33,15,41,1,0,0.001949318,0.016081871,0.007309942,0.019980507,0.000487329,0
National,2012,29,2100,0,18,11,48,0,0,0,0.008571429,0.005238095,0.022857143,0,0
National,2012,30,2048,2,49,13,32,9,0,0.000976563,0.023925781,0.006347656,0.015625,0.004394531,0
National,2012,31,2161,1,65,11,33,95,0,0.000462749,0.030078667,0.005090236,0.015270708,0.043961129,0
National,2012,32,2294,1,62,12,25,73,0,0.00043592,0.027027027,0.005231037,0.010897995,0.031822145,0
National,2012,33,2501,6,69,14,27,52,0,0.00239904,0.027588964,0.005597761,0.010795682,0.020791683,0
National,2012,34,2705,6,48,21,23,15,0,0.002218115,0.017744917,0.007763401,0.008502773,0.005545287,0
National,2012,35,2746,1,37,15,19,12,0,0.000364166,0.013474144,0.005462491,0.006919155,0.004369993,0
National,2012,36,2914,1,34,17,32,5,0,0.000343171,0.011667811,0.005833905,0.010981469,0.001715854,0
National,2012,37,3280,0,16,11,44,2,0,0,0.004878049,0.003353659,0.013414634,0.000609756,0
National,2012,38,3501,5,43,18,42,0,0,0.001428163,0.012282205,0.005141388,0.011996572,0,0
National,2012,39,3649,7,42,18,64,0,0,0.001918334,0.011510003,0.004932858,0.017539052,0,0
National,2012,40,4513,9,73,11,78,0,0,0.001994239,0.016175493,0.002437403,0.017283404,0,0
National,2012,41,4914,7,67,24,95,0,0,0.001424501,0.013634514,0.004884005,0.019332519,0,0
National,2012,42,5249,4,131,48,122,0,0,0.00076205,0.024957135,0.009144599,0.023242522,0,0
National,2012,43,5306,3,152,52,141,0,0,0.000565398,0.028646815,0.009800226,0.02657369,0,0
National,2012,44,5406,4,188,79,154,0,0,0.000739919,0.034776175,0.014613393,0.028486866,0,0
National,2012,45,6446,5,277,116,231,0,0,0.000775675,0.042972386,0.017995656,0.035836177,0,0
National,2012,46,6721,8,404,217,267,2,0,0.001190299,0.060110103,0.032286862,0.039726231,0.000297575,0
National,2012,47,7433,7,591,407,364,0,0,0.000941746,0.079510292,0.054755819,0.048970806,0,0
National,2012,48,9333,19,1022,545,503,0,0,0.002035787,0.109503911,0.058394943,0.053894782,0,0
National,2012,49,12060,39,1787,1003,693,0,0,0.003233831,0.148175788,0.083167496,0.057462687,0,0
National,2012,50,14711,53,2662,1226,856,0,0,0.003602746,0.180953028,0.083338998,0.058187751,0,0
National,2012,51,16904,55,3703,1419,1154,0,0,0.003253668,0.219060577,0.083944628,0.068267866,0,0
National,2012,52,18139,88,3825,1758,1199,0,0,0.004851425,0.210871603,0.096918242,0.066100667,0,0
National,2013,1,19673,95,3723,1980,1146,0,0,0.004828953,0.189244142,0.100645555,0.058252427,0,0
National,2013,2,22224,126,4073,2166,1237,0,0,0.005669546,0.183270338,0.097462203,0.055660547,0,0
National,2013,3,20931,127,3232,1892,1142,0,0,0.006067555,0.154412116,0.090392241,0.054560222,0,0
National,2013,4,18668,145,2527,1660,1189,0,0,0.007767302,0.135365331,0.08892222,0.063691879,0,0
National,2013,5,16228,143,1952,1051,1158,0,0,0.00881193,0.120285926,0.064764604,0.071358146,0,0
National,2013,6,14491,121,1205,780,1188,0,0,0.00835001,0.083155062,0.053826513,0.08198192,0,0
National,2013,7,12691,78,844,534,1194,0,0,0.006146088,0.066503822,0.042077062,0.094082421,0,0
National,2013,8,11354,78,575,397,1225,0,0,0.006869826,0.050642945,0.034965651,0.107891492,0,0
National,2013,9,10504,60,417,309,1181,0,0,0.00571211,0.039699162,0.029417365,0.112433359,0,0
National,2013,10,10165,70,330,217,1204,0,0,0.006886375,0.032464338,0.021347762,0.118445647,0,0
National,2013,11,9559,49,212,201,1155,0,0,0.005126059,0.022178052,0.021027304,0.120828539,0,0
National,2013,12,8647,36,179,144,1017,0,0,0.004163294,0.020700821,0.016653175,0.117613045,0,0
National,2013,13,7722,41,124,98,853,0,0,0.005309505,0.016058016,0.012691013,0.11046361,0,0
National,2013,14,6782,30,121,107,687,0,0,0.004423474,0.017841345,0.015777057,0.101297552,0,0
National,2013,15,6198,48,69,65,489,0,0,0.007744434,0.011132623,0.010487254,0.078896418,0,0
National,2013,16,5575,30,79,47,332,0,0,0.005381166,0.014170404,0.008430493,0.05955157,0,0
National,2013,17,5095,34,60,48,249,0,0,0.006673209,0.011776251,0.009421001,0.048871443,0,0
National,2013,18,4919,18,55,29,222,0,0,0.00365928,0.011181134,0.005895507,0.045131124,0,0
National,2013,19,4473,13,36,27,166,0,0,0.002906327,0.00804829,0.006036217,0.037111558,0,0
National,2013,20,4102,11,24,22,126,0,0,0.002681619,0.005850804,0.005363237,0.030716724,0,0
National,2013,21,4097,15,21,20,123,0,0,0.003661216,0.005125702,0.004881621,0.030021967,0,0
National,2013,22,3587,14,14,28,95,0,0,0.003902983,0.003902983,0.007805966,0.026484527,0,0
National,2013,23,3576,14,13,29,82,0,0,0.003914989,0.003635347,0.00810962,0.022930649,0,0
National,2013,24,3254,21,12,32,63,0,0,0.006453596,0.003687769,0.00983405,0.019360787,0,0
National,2013,25,3227,29,12,31,55,2,0,0.008986675,0.003718624,0.009606446,0.017043694,0.000619771,0
National,2013,26,2999,34,5,24,28,6,0,0.011337112,0.001667222,0.008002668,0.009336445,0.002000667,0
National,2013,27,2579,17,14,24,25,4,0,0.006591702,0.005428461,0.009305933,0.00969368,0.001550989,0
National,2013,28,2653,23,30,33,14,0,0,0.008669431,0.011307953,0.012438749,0.005277045,0,0
National,2013,29,2504,21,13,25,14,1,0,0.008386581,0.005191693,0.009984026,0.005591054,0.000399361,0
National,2013,30,2316,20,11,26,10,1,0,0.008635579,0.004749568,0.011226252,0.004317789,0.000431779,0
National,2013,31,2549,23,14,30,20,2,0,0.009023146,0.00549235,0.011769321,0.007846214,0.000784621,0
National,2013,32,2494,28,11,27,12,0,0,0.011226945,0.004410585,0.010825982,0.004811548,0,0
National,2013,33,2304,16,3,33,12,0,0,0.006944444,0.001302083,0.014322917,0.005208333,0,0
National,2013,34,2560,12,4,40,3,1,0,0.0046875,0.0015625,0.015625,0.001171875,0.000390625,0
National,2013,35,3006,42,4,66,10,1,0,0.013972056,0.001330672,0.021956088,0.00332668,0.000332668,0
National,2013,36,3148,25,6,71,13,0,0,0.00794155,0.001905972,0.022554003,0.004129606,0,0
National,2013,37,3602,49,7,59,7,0,0,0.013603554,0.001943365,0.016379789,0.001943365,0,0
National,2013,38,3888,38,8,56,22,0,0,0.009773663,0.002057613,0.014403292,0.005658436,0,0
National,2013,39,4596,55,11,102,20,0,0,0.011966928,0.002393386,0.022193211,0.00435161,0,0
National,2013,40,4911,69,13,83,28,1,0,0.014050092,0.002647119,0.016900835,0.005701486,0.000203625,0
National,2013,41,5808,57,24,116,32,0,0,0.00981405,0.004132231,0.019972452,0.005509642,0,0
National,2013,42,5801,49,16,94,26,0,0,0.00844682,0.002758145,0.016204103,0.004481986,0,0
National,2013,43,5886,73,21,100,14,0,0,0.012402311,0.003567788,0.016989467,0.002378525,0,0
National,2013,44,6316,88,26,136,43,0,0,0.013932869,0.004116529,0.021532616,0.006808106,0,0
National,2013,45,6945,157,29,171,43,0,0,0.022606192,0.004175666,0.02462203,0.006191505,0,0
National,2013,46,7203,272,21,188,37,0,0,0.037762044,0.002915452,0.026100236,0.005136749,0,0
National,2013,47,7839,425,22,213,57,0,0,0.054216099,0.00280648,0.027171833,0.007271336,0,0
National,2013,48,7433,496,29,331,42,0,0,0.06672945,0.00390152,0.044531145,0.005650478,0,0
National,2013,49,10169,1023,34,593,69,0,0,0.100599862,0.003343495,0.058314485,0.006785328,0,0
National,2013,50,10837,1324,56,821,52,0,0,0.122174033,0.005167482,0.075758974,0.004798376,0,0
National,2013,51,14015,2231,51,1606,67,0,0,0.159186586,0.003638958,0.114591509,0.004780592,0,0
National,2013,52,15748,3004,47,1749,93,0,0,0.190754382,0.002984506,0.111061722,0.005905512,0,0
National,2014,1,17779,3477,84,1538,88,0,0,0.195567805,0.004724675,0.086506553,0.00494966,0,0
National,2014,2,18253,3544,106,1316,91,0,0,0.194159864,0.005807265,0.072097737,0.004985482,0,0
National,2014,3,17480,3263,126,1160,131,0,0,0.186670481,0.007208238,0.066361556,0.007494279,0,0
National,2014,4,16468,2643,132,1042,185,0,0,0.160493077,0.008015545,0.063274229,0.011233908,0,0
National,2014,5,14618,1945,94,776,175,0,0,0.133055138,0.006430428,0.053085237,0.011971542,0,0
National,2014,6,12995,1571,130,557,219,0,0,0.120892651,0.010003848,0.042862639,0.016852636,0,0
National,2014,7,11892,1133,102,489,227,0,0,0.095274134,0.008577195,0.041120081,0.019088463,0,0
National,2014,8,11127,840,93,337,248,0,0,0.075492046,0.008358048,0.03028669,0.022288128,0,0
National,2014,9,10252,581,102,261,274,0,0,0.056671869,0.009949278,0.025458447,0.026726492,0,0
National,2014,10,9441,413,102,207,301,0,0,0.043745366,0.01080394,0.021925643,0.031882216,0,0
National,2014,11,8922,351,138,163,334,0,0,0.039340955,0.015467384,0.018269446,0.037435553,0,0
National,2014,12,8216,212,164,190,464,0,0,0.025803311,0.019961052,0.023125609,0.05647517,0,0
National,2014,13,7905,156,184,188,525,0,0,0.019734345,0.023276407,0.023782416,0.066413662,0,0
National,2014,14,7531,116,236,146,595,0,0,0.015403001,0.03133714,0.019386536,0.079006772,0,0
National,2014,15,7179,55,227,168,624,0,0,0.007661234,0.031620003,0.023401588,0.086920184,0,0
National,2014,16,6648,36,222,138,516,0,0,0.005415162,0.033393502,0.020758123,0.077617329,0,0
National,2014,17,6317,35,191,129,469,0,0,0.005540605,0.030235871,0.020421086,0.074244103,0,0
National,2014,18,5865,13,151,131,447,0,0,0.002216539,0.025745951,0.022335891,0.076214834,0,0
National,2014,19,5436,9,130,104,354,0,0,0.001655629,0.023914643,0.019131714,0.065121413,0,0
National,2014,20,5315,8,119,102,322,0,0,0.001505174,0.022389464,0.019190969,0.060583255,0,0
National,2014,21,4833,4,105,62,236,0,0,0.000827643,0.021725636,0.012828471,0.048830954,0,0
National,2014,22,4757,3,115,80,225,0,0,0.00063065,0.0241749,0.016817322,0.047298718,0,0
National,2014,23,4310,3,97,51,160,0,0,0.000696056,0.0225058,0.011832947,0.03712297,0,0
National,2014,24,4140,3,101,50,140,0,0,0.000724638,0.024396135,0.012077295,0.033816425,0,0
National,2014,25,3877,3,69,43,113,0,0,0.000773794,0.017797266,0.01109105,0.029146247,0,0
National,2014,26,3434,1,45,28,100,0,0,0.000291206,0.013104252,0.008153757,0.029120559,0,0
National,2014,27,3144,2,47,26,83,0,0,0.000636132,0.014949109,0.00826972,0.026399491,0,0
National,2014,28,3057,3,55,29,66,0,0,0.000981354,0.017991495,0.009486425,0.021589794,0,0
National,2014,29,3188,0,41,19,61,0,0,0,0.012860728,0.005959849,0.019134253,0,0
National,2014,30,3127,2,37,28,50,0,0,0.000639591,0.011832427,0.008954269,0.015989767,0,0
National,2014,31,2939,2,53,25,27,0,0,0.000680504,0.018033345,0.008506295,0.009186798,0,0
National,2014,32,2973,5,44,15,23,1,0,0.001681803,0.014799865,0.005045409,0.007736293,0.000336361,0
National,2014,33,3270,1,54,21,36,0,0,0.00030581,0.016513761,0.006422018,0.011009174,0,0
National,2014,34,3339,3,45,19,42,1,0,0.000898473,0.013477089,0.005690326,0.012578616,0.000299491,0
National,2014,35,3973,6,62,26,42,0,0,0.001510194,0.015605336,0.006544173,0.010571357,0,0
National,2014,36,4227,7,44,32,34,0,0,0.001656021,0.010409274,0.007570381,0.00804353,0,0
National,2014,37,5324,1,66,33,31,0,0,0.000187829,0.012396694,0.006198347,0.00582269,0,0
National,2014,38,5681,6,81,31,53,0,0,0.001056152,0.014258053,0.005456786,0.009329343,0,0
National,2014,39,5905,1,87,51,65,0,0,0.000169348,0.014733277,0.008636749,0.011007621,0,0
National,2014,40,9567,2,100,97,110,0,0,0.000209052,0.010452597,0.01013902,0.011497857,0,0
National,2014,41,11036,5,125,149,160,0,0,0.000453063,0.011326568,0.013501269,0.014498007,0,0
National,2014,42,11729,7,226,186,164,1,0,0.000596811,0.01926848,0.015858129,0.013982437,8.53E-05,0
National,2014,43,11385,5,212,200,127,0,0,0.000439174,0.018620993,0.017566974,0.011155029,0,0
National,2014,44,11531,4,295,292,136,0,0,0.000346891,0.02558321,0.025323042,0.011794294,0,0
National,2014,45,12918,6,506,489,155,0,0,0.000464468,0.03917015,0.037854157,0.011998761,0,0
National,2014,46,13777,8,633,629,147,0,0,0.000580678,0.045946142,0.045655803,0.010669957,0,0
National,2014,47,16166,5,1002,1233,163,0,0,0.000309291,0.061981937,0.076271186,0.01008289,0,0
National,2014,48,18504,8,1538,1878,200,0,0,0.000432339,0.083117164,0.101491569,0.010808474,0,0
National,2014,49,23068,13,2585,2483,249,0,0,0.000563551,0.112059997,0.107638287,0.010794174,0,0
National,2014,50,29223,6,3823,4047,315,0,0,0.000205318,0.130821613,0.138486808,0.010779181,0,0
National,2014,51,37114,4,4978,6163,325,0,0,0.000107776,0.134127284,0.166055936,0.008756803,0,0
National,2014,52,42518,10,5549,7847,392,0,0,0.000235195,0.130509431,0.184557129,0.009219625,0,0
National,2014,53,41550,10,5260,5695,409,0,0,0.000240674,0.126594465,0.137063779,0.009843562,0,0
National,2015,1,38508,11,4908,3955,372,0,0,0.000285655,0.127454036,0.102705931,0.00966033,0,0
National,2015,2,35598,9,4586,3580,473,0,0,0.000252823,0.128827462,0.100567448,0.013287263,0,0
National,2015,3,34194,4,3918,3513,548,0,0,0.00011698,0.114581506,0.102737322,0.016026203,0,0
National,2015,4,32003,11,3475,2789,606,0,0,0.000343718,0.10858357,0.08714808,0.018935725,0,0
National,2015,5,29581,10,2719,2170,723,0,0,0.000338055,0.091917109,0.073357899,0.024441364,0,0
National,2015,6,26994,7,1746,1575,869,0,0,0.000259317,0.06468104,0.058346299,0.032192339,0,0
National,2015,7,24293,10,1242,1108,1010,0,0,0.000411641,0.051125839,0.045609846,0.041575763,0,0
National,2015,8,22294,18,954,740,1127,0,0,0.000807392,0.042791783,0.033192787,0.050551718,0,0
National,2015,9,20420,5,774,558,1352,0,0,0.000244858,0.037904016,0.027326151,0.066209598,0,0
National,2015,10,19845,8,458,405,1656,0,0,0.000403124,0.023078861,0.020408163,0.083446712,0,0
National,2015,11,18419,2,340,302,1565,0,0,0.000108584,0.0184592,0.016396113,0.084966611,0,0
National,2015,12,16980,7,227,197,1479,0,0,0.00041225,0.013368669,0.011601885,0.087102473,0,0
National,2015,13,15125,4,168,119,1377,0,0,0.000264463,0.011107438,0.007867769,0.091041322,0,0
National,2015,14,14743,8,87,107,1272,0,0,0.00054263,0.005901106,0.007257682,0.086278234,0,0
National,2015,15,13389,13,66,79,969,0,0,0.000970946,0.00492942,0.005900366,0.072372843,0,0
National,2015,16,11873,2,48,40,683,0,0,0.000168449,0.004042786,0.003368988,0.057525478,0,0
National,2015,17,10770,4,26,36,544,0,0,0.000371402,0.002414113,0.003342618,0.050510678,0,0
National,2015,18,9784,2,12,19,494,0,0,0.000204415,0.001226492,0.001941946,0.050490597,0,0
National,2015,19,9188,2,16,26,340,0,0,0.000217675,0.001741402,0.002829778,0.037004789,0,0
National,2015,20,8412,1,21,19,267,0,0,0.000118878,0.002496434,0.002258678,0.031740371,0,0
National,2015,21,7748,1,20,21,184,0,0,0.000129066,0.002581311,0.002710377,0.023748064,0,0
National,2015,22,6993,0,20,22,152,0,0,0,0.002860003,0.003146003,0.021736022,0,0
National,2015,23,6725,1,20,28,129,0,0,0.000148699,0.002973978,0.004163569,0.019182156,0,0
National,2015,24,6133,2,50,22,78,0,0,0.000326105,0.008152617,0.003587151,0.012718083,0,0
National,2015,25,5558,0,51,24,46,0,0,0,0.009175963,0.0043181,0.008276358,0,0
National,2015,26,5248,2,59,35,33,0,0,0.000381098,0.011242378,0.006669207,0.00628811,0,0
National,2015,27,5260,4,40,18,36,1,0,0.000760456,0.007604563,0.003422053,0.006844106,0.000190114,0
National,2015,28,5039,3,35,11,37,0,0,0.000595356,0.006945823,0.002182973,0.007342727,0,0
National,2015,29,4811,2,31,19,21,0,0,0.000415714,0.006443567,0.003949283,0.004364997,0,0
National,2015,30,4785,0,44,20,9,0,0,0,0.009195402,0.004179728,0.001880878,0,0
National,2015,31,4790,4,50,21,18,0,0,0.000835073,0.010438413,0.004384134,0.003757829,0,0
National,2015,32,4910,3,34,30,14,0,0,0.000610998,0.006924644,0.00610998,0.002851324,0,0
National,2015,33,5170,2,55,25,16,0,0,0.000386847,0.010638298,0.00483559,0.003094778,0,0
National,2015,34,5381,3,44,33,20,0,0,0.000557517,0.008176919,0.006132689,0.003716781,0,0
National,2015,35,6115,3,64,43,29,0,0,0.000490597,0.010466067,0.007031889,0.004742437,0,0
National,2015,36,6786,1,74,35,38,0,0,0.000147362,0.010904804,0.005157678,0.005599764,0,0
National,2015,37,7694,4,91,56,47,0,0,0.000519886,0.011827398,0.007278399,0.006108656,0,0
National,2015,38,8855,1,58,62,46,0,0,0.000112931,0.006549972,0.007001694,0.005194805,0,0
National,2015,39,9876,7,77,59,59,0,0,0.000708789,0.007796679,0.005974079,0.005974079,0,0
National,2015,40,1139,4,65,2,10,0,0,0.003511853,0.057067603,0.001755926,0.008779631,0,0
National,2015,41,1152,5,41,2,7,0,0,0.004340278,0.035590278,0.001736111,0.006076389,0,0
National,2015,42,1198,10,50,1,8,0,0,0.008347245,0.041736227,0.000834725,0.006677796,0,0
National,2015,43,1244,9,31,4,9,0,0,0.007234727,0.024919614,0.003215434,0.007234727,0,0
National,2015,44,1465,4,23,4,9,0,0,0.002730375,0.015699659,0.002730375,0.006143345,0,0
National,2015,45,1393,11,34,1,10,0,0,0.007896626,0.024407753,0.000717875,0.007178751,0,0
National,2015,46,1458,17,42,1,4,0,0,0.011659808,0.028806584,0.000685871,0.002743484,0,0
National,2015,47,1157,17,24,0,4,0,0,0.014693172,0.020743302,0,0.003457217,0,0
National,2015,48,1550,27,36,3,9,0,0,0.017419355,0.023225806,0.001935484,0.005806452,0,0
National,2015,49,1518,38,37,3,11,0,0,0.025032938,0.024374177,0.001976285,0.007246377,0,0
National,2015,50,1475,69,39,0,10,0,0,0.046779661,0.026440678,0,0.006779661,0,0
National,2015,51,1245,89,33,1,12,0,0,0.071485944,0.026506024,0.000803213,0.009638554,0,0
National,2015,52,1485,146,56,1,13,0,0,0.098316498,0.037710438,0.000673401,0.008754209,0,0
National,2016,1,1841,232,68,2,14,0,0,0.126018468,0.036936448,0.001086366,0.007604563,0,0
National,2016,2,1748,256,89,5,47,0,0,0.146453089,0.050915332,0.002860412,0.026887872,0,0
National,2016,3,1946,361,100,13,45,0,0,0.185508736,0.051387461,0.00668037,0.023124358,0,0
National,2016,4,2568,526,160,15,97,0,0,0.20482866,0.062305296,0.005841121,0.037772586,0,0
National,2016,5,2727,672,171,13,98,0,0,0.246424642,0.062706271,0.004767143,0.035936927,0,0
National,2016,6,3202,891,236,17,161,0,0,0.278263585,0.073703935,0.005309182,0.050281074,0,0
National,2016,7,3898,1340,256,19,179,0,0,0.343766034,0.065674705,0.004874295,0.045920985,0,0
National,2016,8,4551,1672,232,28,215,0,0,0.367391782,0.050977807,0.006152494,0.047242364,0,0
National,2016,9,4687,1886,313,32,211,0,0,0.402389588,0.066780457,0.006827395,0.045018135,0,0
National,2016,10,5095,2173,313,47,246,0,0,0.426496565,0.061432777,0.00922473,0.04828263,0,0
National,2016,11,4111,1514,213,24,185,0,0,0.368280224,0.051812211,0.005837996,0.045001216,0,0
National,2016,12,3357,1058,198,19,185,0,0,0.315162347,0.058981233,0.005659815,0.055108728,0,0
National,2016,13,3071,807,180,33,208,0,0,0.262780853,0.05861283,0.010745685,0.067730381,0,0
National,2016,14,2403,534,135,33,173,0,0,0.222222222,0.056179775,0.013732834,0.071993342,0,0
National,2016,15,2090,383,117,16,148,0,0,0.183253589,0.055980861,0.007655502,0.070813397,0,0
National,2016,16,1816,276,127,16,158,0,0,0.151982379,0.069933921,0.008810573,0.087004405,0,0
National,2016,17,1491,167,98,5,94,0,0,0.112005366,0.0657277,0.003353454,0.063044936,0,0
National,2016,18,1125,77,59,2,80,0,0,0.068444444,0.052444444,0.001777778,0.071111111,0,0
National,2016,19,1019,53,62,2,53,0,0,0.052011776,0.060843965,0.001962709,0.052011776,0,0
National,2016,20,816,35,77,4,44,0,0,0.042892157,0.094362745,0.004901961,0.053921569,0,0
National,2016,21,639,16,44,2,30,0,0,0.025039124,0.06885759,0.00312989,0.046948357,0,0
National,2016,22,482,4,13,1,24,0,0,0.008298755,0.026970954,0.002074689,0.049792531,0,0
National,2016,23,464,5,15,1,14,0,0,0.010775862,0.032327586,0.002155172,0.030172414,0,0
National,2016,24,424,7,18,0,6,0,0,0.016509434,0.04245283,0,0.014150943,0,0
National,2016,25,320,5,22,0,10,0,0,0.015625,0.06875,0,0.03125,0,0
National,2016,26,325,3,18,3,4,0,0,0.009230769,0.055384615,0.009230769,0.012307692,0,0
National,2016,27,271,2,18,0,5,0,0,0.007380074,0.066420664,0,0.018450185,0,0
National,2016,28,291,1,21,1,3,0,0,0.003436426,0.072164948,0.003436426,0.010309278,0,0
National,2016,29,297,2,18,1,4,0,0,0.006734007,0.060606061,0.003367003,0.013468013,0,0
National,2016,30,298,2,38,0,2,1,0,0.006711409,0.127516779,0,0.006711409,0.003355705,0
National,2016,31,351,1,45,2,0,3,0,0.002849003,0.128205128,0.005698006,0,0.008547009,0
National,2016,32,351,6,28,0,1,10,0,0.017094017,0.07977208,0,0.002849003,0.028490028,0
National,2016,33,376,1,29,0,3,4,0,0.002659574,0.07712766,0,0.007978723,0.010638298,0
National,2016,34,364,5,28,0,2,0,0,0.013736264,0.076923077,0,0.005494505,0,0
National,2016,35,408,7,33,0,5,0,0,0.017156863,0.080882353,0,0.012254902,0,0
National,2016,36,400,3,45,0,6,0,0,0.0075,0.1125,0,0.015,0,0
National,2016,37,553,8,55,2,10,0,0,0.014466546,0.099457505,0.003616637,0.018083183,0,0
National,2016,38,622,6,77,0,8,0,0,0.009646302,0.123794212,0,0.012861736,0,0
National,2016,39,696,5,73,1,5,0,0,0.007183908,0.104885057,0.001436782,0.007183908,0,0
National,2016,40,898,9,87,0,1,0,0,0.010022272,0.09688196,0,0.001113586,0,0
National,2016,41,970,11,81,0,3,0,0,0.011340206,0.083505155,0,0.003092784,0,0
National,2016,42,1140,12,134,2,1,0,0,0.010526316,0.11754386,0.001754386,0.000877193,0,0
National,2016,43,1168,13,130,1,6,0,0,0.011130137,0.11130137,0.000856164,0.005136986,0,0
National,2016,44,1296,12,122,3,3,0,0,0.009259259,0.094135802,0.002314815,0.002314815,0,0
National,2016,45,1275,5,155,1,5,0,0,0.003921569,0.121568627,0.000784314,0.003921569,0,0
National,2016,46,1351,9,189,2,13,0,0,0.006661732,0.139896373,0.001480385,0.009622502,0,0
National,2016,47,1098,5,164,14,10,0,0,0.004553734,0.149362477,0.012750455,0.009107468,0,0
National,2016,48,1713,13,318,11,18,0,0,0.007589025,0.185639229,0.006421483,0.010507881,0,0
National,2016,49,1880,14,479,3,3,0,0,0.007446809,0.254787234,0.001595745,0.001595745,0,0
National,2016,50,2244,18,750,9,16,0,0,0.00802139,0.334224599,0.004010695,0.007130125,0,0
National,2016,51,2505,29,1016,11,16,0,0,0.011576846,0.405588822,0.004391218,0.006387226,0,0
National,2016,52,3287,32,1676,31,13,0,0,0.009735321,0.509887435,0.009431092,0.003954974,0,0
National,2017,1,3932,53,2067,13,19,0,0,0.013479145,0.525686673,0.003306205,0.004832146,0,0
National,2017,2,4348,49,2210,30,25,0,0,0.011269549,0.508279669,0.006899724,0.00574977,0,0
National,2017,3,4278,57,2253,24,26,0,0,0.013323983,0.526647966,0.005610098,0.006077606,0,0
National,2017,4,4568,47,2431,29,30,0,0,0.010288967,0.532180385,0.006348511,0.006567426,0,0
National,2017,5,5086,51,2596,30,50,0,0,0.010027527,0.510420763,0.005898545,0.009830908,0,0
National,2017,6,5521,71,2975,23,47,0,0,0.012859989,0.538851657,0.004165912,0.008512951,0,0
National,2017,7,5335,68,2617,17,104,0,0,0.012746017,0.490534208,0.003186504,0.019493908,0,0
National,2017,8,5065,87,2364,12,89,0,0,0.017176703,0.466732478,0.0023692,0.01757157,0,0
National,2017,9,3995,54,1492,13,102,0,0,0.013516896,0.373466834,0.003254068,0.025531915,0,0
National,2017,10,3625,50,1256,15,107,0,0,0.013793103,0.346482759,0.004137931,0.029517241,0,0
National,2017,11,3238,28,909,11,124,0,0,0.008647313,0.280728845,0.003397159,0.038295244,0,0
National,2017,12,3212,31,843,4,124,0,0,0.009651308,0.2624533,0.00124533,0.03860523,0,0
National,2017,13,3049,27,655,3,218,0,0,0.008855362,0.214824533,0.000983929,0.071498852,0,0
National,2017,14,2308,17,374,4,133,0,0,0.007365685,0.162045061,0.001733102,0.05762565,0,0
National,2017,15,1719,5,221,1,81,0,0,0.002908668,0.128563118,0.000581734,0.047120419,0,0
National,2017,16,1549,11,144,2,81,0,0,0.007101356,0.092963202,0.001291156,0.052291801,0,0
National,2017,17,1304,7,133,2,49,0,0,0.005368098,0.101993865,0.001533742,0.037576687,0,0
National,2017,18,1044,5,83,2,41,0,0,0.004789272,0.079501916,0.001915709,0.039272031,0,0
National,2017,19,889,3,97,2,36,0,0,0.003374578,0.109111361,0.002249719,0.040494938,0,0
National,2017,20,788,5,63,1,33,0,0,0.006345178,0.079949239,0.001269036,0.041878173,0,0
National,2017,21,640,6,41,0,23,0,0,0.009375,0.0640625,0,0.0359375,0,0
National,2017,22,550,1,39,0,17,0,0,0.001818182,0.070909091,0,0.030909091,0,0
National,2017,23,457,5,33,0,19,0,0,0.010940919,0.072210066,0,0.041575492,0,0
National,2017,24,398,8,43,1,9,0,0,0.020100503,0.108040201,0.002512563,0.022613065,0,0
National,2017,25,388,5,40,0,8,0,0,0.012886598,0.103092784,0,0.020618557,0,0
National,2017,26,361,5,39,1,7,0,0,0.013850416,0.108033241,0.002770083,0.019390582,0,0
National,2017,27,295,10,29,0,4,0,0,0.033898305,0.098305085,0,0.013559322,0,0
National,2017,28,347,4,31,0,11,2,0,0.011527378,0.089337176,0,0.031700288,0.005763689,0
National,2017,29,354,8,26,0,9,9,0,0.02259887,0.073446328,0,0.025423729,0.025423729,0
National,2017,30,367,7,31,4,3,0,0,0.019073569,0.084468665,0.010899183,0.008174387,0,0
National,2017,31,385,8,41,0,3,5,0,0.020779221,0.106493506,0,0.007792208,0.012987013,0
National,2017,32,373,6,42,1,7,1,0,0.016085791,0.112600536,0.002680965,0.018766756,0.002680965,0
National,2017,33,353,5,32,3,1,0,0,0.014164306,0.090651558,0.008498584,0.002832861,0,0
National,2017,34,410,6,54,2,10,0,0,0.014634146,0.131707317,0.004878049,0.024390244,0,0
National,2017,35,486,18,64,1,7,0,0,0.037037037,0.131687243,0.002057613,0.014403292,0,0
National,2017,36,469,12,105,2,3,0,0,0.025586354,0.223880597,0.004264392,0.006396588,0,0
National,2017,37,719,8,109,0,14,0,0,0.011126565,0.151599444,0,0.019471488,0,0
National,2017,38,830,2,101,3,10,17,0,0.002409639,0.121686747,0.003614458,0.012048193,0.020481928,0
National,2017,39,961,10,119,1,3,24,0,0.010405827,0.123829344,0.001040583,0.003121748,0.024973985,0
National,2017,40,1041,13,123,3,5,1,0,0.012487992,0.11815562,0.002881844,0.004803074,0.000960615,0
National,2017,41,1079,14,143,8,6,0,0,0.012974977,0.13253012,0.007414272,0.005560704,0,0
National,2017,42,1234,14,173,0,2,0,0,0.011345219,0.140194489,0,0.001620746,0,0
National,2017,43,1473,26,180,24,13,0,0,0.017651052,0.122199593,0.016293279,0.008825526,0,0
National,2017,44,1591,24,249,15,17,0,0,0.015084852,0.156505343,0.009428033,0.010685104,0,0
National,2017,45,1554,29,315,1,12,0,0,0.018661519,0.202702703,0.000643501,0.007722008,0,0
National,2017,46,1876,56,405,2,29,0,0,0.029850746,0.215884861,0.001066098,0.015458422,0,0
National,2017,47,1611,41,490,2,10,0,0,0.025450031,0.304158908,0.001241465,0.006207325,0,0
National,2017,48,2369,61,787,11,20,1,0,0.025749261,0.332207683,0.004643309,0.008442381,0.000422119,0
National,2017,49,2785,72,1055,4,31,0,0,0.025852783,0.378815081,0.001436266,0.011131059,0,0
National,2017,50,3558,137,1515,11,39,0,0,0.038504778,0.425801012,0.003091625,0.010961214,0,0
National,2017,51,4815,240,2491,19,78,0,0,0.049844237,0.517341641,0.003946002,0.016199377,0,0
National,2017,52,5424,279,2984,29,100,0,0,0.051438053,0.550147493,0.005346608,0.018436578,0,0
National,2018,1,6410,320,3295,39,165,0,0,0.049921997,0.514040562,0.006084243,0.02574103,0,0
National,2018,2,6919,393,3336,70,163,0,0,0.056800116,0.4821506,0.010117069,0.023558318,0,0
National,2018,3,6293,406,2727,50,189,0,0,0.064516129,0.43333863,0.007945336,0.03003337,0,0
National,2018,4,6923,540,2749,38,231,0,0,0.078000867,0.39708219,0.00548895,0.033367037,0,0
National,2018,5,7056,542,2494,41,306,0,0,0.076814059,0.35345805,0.005810658,0.043367347,0,0
National,2018,6,6492,544,2040,32,329,0,0,0.083795441,0.314232902,0.004929144,0.050677757,0,0
National,2018,7,5508,495,1511,24,251,0,0,0.089869281,0.27432825,0.004357298,0.04557008,0,0
National,2018,8,4546,306,1073,19,245,0,0,0.067311923,0.236031676,0.004179498,0.053893533,0,0
National,2018,9,3580,246,588,12,204,0,0,0.068715084,0.16424581,0.003351955,0.05698324,0,0
National,2018,10,3057,144,411,25,172,0,0,0.047105005,0.134445535,0.008177952,0.056264311,0,0
National,2018,11,2529,188,277,25,174,0,0,0.074337683,0.109529458,0.00988533,0.068801898,0,0
National,2018,12,2248,120,234,10,129,0,0,0.053380783,0.104092527,0.004448399,0.057384342,0,0
National,2018,13,1965,132,220,8,107,0,0,0.067175573,0.111959288,0.004071247,0.054452926,0,0
National,2018,14,1906,120,163,7,72,0,0,0.062959077,0.085519412,0.003672613,0.037775446,0,0
National,2018,15,1481,101,102,2,54,0,0,0.068197164,0.068872384,0.001350439,0.03646185,0,0
National,2018,16,1174,51,86,0,45,0,0,0.043441227,0.073253833,0,0.038330494,0,0
National,2018,17,1028,56,53,1,53,0,0,0.054474708,0.05155642,0.000972763,0.05155642,0,0
National,2018,18,831,40,31,2,23,0,0,0.048134777,0.037304452,0.002406739,0.027677497,0,0
National,2018,19,599,16,20,0,8,0,0,0.026711185,0.033388982,0,0.013355593,0,0
National,2018,20,464,16,10,0,10,0,0,0.034482759,0.021551724,0,0.021551724,0,0
National,2018,21,344,18,6,0,8,0,0,0.052325581,0.01744186,0,0.023255814,0,0
National,2018,22,265,8,5,0,2,0,0,0.030188679,0.018867925,0,0.00754717,0,0
National,2018,23,286,7,3,0,3,0,0,0.024475524,0.01048951,0,0.01048951,0,0
National,2018,24,283,6,3,0,2,0,0,0.021201413,0.010600707,0,0.007067138,0,0
National,2018,25,213,1,3,0,0,1,0,0.004694836,0.014084507,0,0,0.004694836,0
National,2018,26,197,2,6,0,0,0,0,0.010152284,0.030456853,0,0,0,0
National,2018,27,131,9,5,0,1,0,0,0.06870229,0.038167939,0,0.007633588,0,0
National,2018,28,176,8,9,0,1,0,0,0.045454545,0.051136364,0,0.005681818,0,0
National,2018,29,174,15,5,0,3,0,0,0.086206897,0.028735632,0,0.017241379,0,0
National,2018,30,243,9,3,4,0,0,0,0.037037037,0.012345679,0.016460905,0,0,0
National,2018,31,185,7,10,3,0,0,0,0.037837838,0.054054054,0.016216216,0,0,0
National,2018,32,164,6,8,5,1,0,0,0.036585366,0.048780488,0.030487805,0.006097561,0,0
National,2018,33,181,5,9,6,1,0,0,0.027624309,0.049723757,0.033149171,0.005524862,0,0
National,2018,34,259,17,20,6,1,0,0,0.065637066,0.077220077,0.023166023,0.003861004,0,0
National,2018,35,258,10,6,0,0,0,0,0.03875969,0.023255814,0,0,0,0
National,2018,36,351,17,17,0,1,0,0,0.048433048,0.048433048,0,0.002849003,0,0
National,2018,37,446,29,14,0,0,0,0,0.065022422,0.031390135,0,0,0,0
National,2018,38,535,22,17,2,2,0,0,0.041121495,0.031775701,0.003738318,0.003738318,0,0
National,2018,39,561,20,13,0,0,0,0,0.035650624,0.023172906,0,0,0,0
National,2018,40,801,29,11,8,0,0,0,0.036204744,0.013732834,0.009987516,0,0,0
National,2018,41,918,52,11,8,5,0,0,0.05664488,0.011982571,0.008714597,0.005446623,0,0
National,2018,42,1110,52,22,13,1,0,0,0.046846847,0.01981982,0.011711712,0.000900901,0,0
National,2018,43,1113,76,35,3,3,0,0,0.068283917,0.031446541,0.002695418,0.002695418,0,0
National,2018,44,1247,84,23,3,1,0,0,0.067361668,0.018444266,0.002405774,0.000801925,0,0
National,2018,45,1339,117,27,15,5,0,0,0.087378641,0.020164302,0.01120239,0.00373413,0,0
National,2018,46,1426,148,41,12,0,0,0,0.103786816,0.028751753,0.008415147,0,0,0
National,2018,47,1129,215,54,10,1,0,0,0.190434012,0.047829938,0.008857396,0.00088574,0,0
National,2018,48,1704,326,64,12,1,0,0,0.191314554,0.037558685,0.007042254,0.000586854,0,0
National,2018,49,1728,361,90,14,7,0,0,0.208912037,0.052083333,0.008101852,0.004050926,0,0
National,2018,50,2200,675,166,20,3,0,0,0.306818182,0.075454545,0.009090909,0.001363636,0,0
National,2018,51,2674,1115,248,79,9,0,0,0.41697831,0.092744951,0.029543755,0.003365744,0,0
National,2018,52,2568,1243,274,113,7,0,0,0.484034268,0.106697819,0.044003115,0.002725857,0,0
National,2019,1,2901,1182,305,162,6,0,0,0.407445708,0.10513616,0.055842813,0.002068252,0,0
National,2019,2,3287,1430,233,100,12,0,0,0.435047155,0.070885306,0.030422878,0.003650745,0,0
National,2019,3,3330,1475,367,120,9,0,0,0.442942943,0.11021021,0.036036036,0.002702703,0,0
National,2019,4,3553,1549,513,117,19,0,0,0.435969603,0.144385027,0.032929918,0.005347594,0,0
National,2019,5,4166,1678,807,74,11,0,0,0.402784446,0.193710994,0.017762842,0.002640422,0,0
National,2019,6,4895,1878,1201,77,18,0,0,0.383656793,0.2453524,0.015730337,0.003677222,0,0
National,2019,7,4753,1703,1305,63,23,0,0,0.358300021,0.274563434,0.013254786,0.004839049,0,0
National,2019,8,4787,1481,1501,79,57,0,0,0.30937957,0.313557552,0.016503029,0.011907249,0,0
National,2019,9,4988,1377,1783,83,38,0,0,0.27606255,0.357457899,0.016639936,0.007618284,0,0
National,2019,10,4834,1292,1829,70,57,0,0,0.26727348,0.378361605,0.014480761,0.011791477,0,0
National,2019,11,4521,1051,1826,48,51,0,0,0.232470692,0.403892944,0.01061712,0.01128069,0,0
National,2019,12,3838,745,1402,27,75,0,0,0.194111516,0.365294424,0.007034914,0.019541428,0,0
National,2019,13,3010,472,1110,30,105,0,0,0.156810631,0.368770764,0.009966777,0.034883721,0,0
National,2019,14,2646,336,887,21,96,0,0,0.126984127,0.335222978,0.007936508,0.036281179,0,0
National,2019,15,2142,217,660,9,79,0,0,0.10130719,0.308123249,0.004201681,0.036881419,0,0
National,2019,16,1494,130,354,7,25,0,0,0.087014726,0.236947791,0.004685408,0.016733601,0,0
National,2019,17,1251,88,218,4,67,0,0,0.070343725,0.174260592,0.003197442,0.053557154,0,0
National,2019,18,1043,65,158,6,13,0,0,0.06232023,0.151486098,0.005752637,0.012464046,0,0
National,2019,19,847,45,94,14,22,0,0,0.053128689,0.110979929,0.016528926,0.025974026,0,0
National,2019,20,803,43,82,3,11,0,0,0.053549191,0.102117061,0.00373599,0.01369863,0,0
National,2019,21,553,29,67,4,3,0,0,0.05244123,0.121157324,0.007233273,0.005424955,0,0
National,2019,22,571,23,55,4,20,0,0,0.04028021,0.096322242,0.007005254,0.03502627,0,0
National,2019,23,502,25,54,4,19,0,0,0.049800797,0.107569721,0.007968127,0.037848606,0,0
National,2019,24,438,21,57,7,6,0,0,0.047945205,0.130136986,0.015981735,0.01369863,0,0
National,2019,25,394,19,52,2,9,0,0,0.04822335,0.131979695,0.005076142,0.02284264,0,0
National,2019,26,387,21,48,2,4,0,0,0.054263566,0.124031008,0.005167959,0.010335917,0,0
National,2019,27,363,29,41,3,3,0,0,0.079889807,0.112947658,0.008264463,0.008264463,0,0
National,2019,28,401,10,42,1,2,0,0,0.024937656,0.104738155,0.002493766,0.004987531,0,0
National,2019,29,323,12,55,4,1,0,0,0.037151703,0.170278638,0.012383901,0.003095975,0,0
National,2019,30,296,19,29,2,3,0,0,0.064189189,0.097972973,0.006756757,0.010135135,0,0
National,2019,31,336,14,30,2,1,0,0,0.041666667,0.089285714,0.005952381,0.00297619,0,0
National,2019,32,295,7,33,0,1,0,0,0.023728814,0.111864407,0,0.003389831,0,0
National,2019,33,344,20,34,3,0,0,0,0.058139535,0.098837209,0.00872093,0,0,0
National,2019,34,356,19,38,1,2,0,0,0.053370787,0.106741573,0.002808989,0.005617978,0,0
National,2019,35,371,14,34,4,6,0,0,0.037735849,0.091644205,0.010781671,0.016172507,0,0
National,2019,36,453,16,54,9,1,0,0,0.035320088,0.119205298,0.01986755,0.002207506,0,0
National,2019,37,595,12,69,14,2,0,0,0.020168067,0.115966387,0.023529412,0.003361345,0,0
National,2019,38,770,27,59,10,5,0,0,0.035064935,0.076623377,0.012987013,0.006493506,0,0
National,2019,39,798,18,60,18,7,0,0,0.022556391,0.07518797,0.022556391,0.00877193,0,0
National,2019,40,987,25,57,21,7,0,0,0.025329281,0.05775076,0.021276596,0.007092199,0,0
National,2019,41,1101,33,64,22,7,0,0,0.029972752,0.058128974,0.019981835,0.006357856,0,0
National,2019,42,1256,36,82,24,13,0,0,0.02866242,0.065286624,0.01910828,0.010350318,0,0
National,2019,43,1494,53,78,48,20,0,0,0.035475234,0.052208835,0.032128514,0.013386881,0,0
National,2019,44,1597,52,61,83,39,0,0,0.032561052,0.038196619,0.051972448,0.024420789,0,0
National,2019,45,2347,122,74,205,74,0,0,0.051981253,0.031529612,0.087345548,0.031529612,0,0
National,2019,46,2208,149,58,146,89,0,0,0.067481884,0.026268116,0.066123188,0.040307971,0,0
National,2019,47,2808,258,78,173,173,0,0,0.091880342,0.027777778,0.061609687,0.061609687,0,0
National,2019,48,2359,369,83,92,141,0,0,0.156422213,0.0351844,0.038999576,0.059771089,0,0
National,2019,49,3259,513,83,86,195,0,0,0.157410249,0.025467935,0.026388463,0.059834305,0,0
National,2019,50,3504,620,78,41,311,0,0,0.176940639,0.022260274,0.011700913,0.088755708,0,0
National,2019,51,4014,915,52,52,276,0,0,0.227952167,0.012954659,0.012954659,0.068759342,0,0
National,2019,52,4214,1210,88,27,348,0,0,0.287138111,0.020882772,0.006407214,0.08258187,0,0
National,2020,1,4240,1262,101,45,189,0,0,0.297641509,0.023820755,0.010613208,0.044575472,0,0
National,2020,2,4531,1338,86,34,223,0,0,0.295299051,0.018980358,0.007503862,0.049216508,0,0
National,2020,3,4932,1598,73,56,252,0,0,0.324006488,0.014801298,0.01135442,0.051094891,0,0
National,2020,4,5000,1769,79,37,256,0,0,0.3538,0.0158,0.0074,0.0512,0,0
National,2020,5,6124,2366,92,50,309,0,0,0.386348792,0.015022861,0.008164598,0.050457218,0,0
National,2020,6,5665,2355,91,64,288,0,0,0.415710503,0.016063548,0.01129744,0.050838482,0,0
National,2020,7,5035,2052,65,129,280,0,0,0.40754717,0.012909633,0.025620655,0.055610725,0,0
National,2020,8,4344,1752,76,119,169,0,0,0.403314917,0.017495396,0.027394107,0.038904236,0,0
National,2020,9,3972,1667,63,50,141,0,0,0.419687815,0.015861027,0.012588117,0.035498489,0,0
National,2020,10,4156,1612,73,65,132,0,0,0.387872955,0.017564966,0.015640038,0.031761309,0,0
National,2020,11,3615,1138,74,52,93,0,0,0.314799447,0.020470263,0.014384509,0.025726141,0,0
National,2020,12,2865,444,30,23,50,0,0,0.154973822,0.010471204,0.008027923,0.017452007,0,0
National,2020,13,2150,100,7,8,34,0,0,0.046511628,0.003255814,0.00372093,0.015813953,0,0
National,2020,14,1479,37,1,4,7,0,0,0.025016903,0.000676133,0.00270453,0.004732928,0,0
National,2020,15,1024,28,0,3,4,0,0,0.02734375,0,0.002929688,0.00390625,0,0
National,2020,16,887,19,0,0,3,0,0,0.021420519,0,0,0.003382187,0,0
National,2020,17,826,26,0,0,4,0,0,0.031476998,0,0,0.004842615,0,0
National,2020,18,750,23,0,1,2,0,0,0.030666667,0,0.001333333,0.002666667,0,0
National,2020,19,661,26,1,0,2,0,0,0.039334342,0.001512859,0,0.003025719,0,0
National,2020,20,688,24,0,0,3,0,0,0.034883721,0,0,0.004360465,0,0
National,2020,21,555,0,0,1,0,0,0,0,0,0.001801802,0,0,0
National,2020,22,533,2,0,1,1,0,0,0.003752345,0,0.001876173,0.001876173,0,0
National,2020,23,362,0,0,0,2,0,0,0,0,0,0.005524862,0,0
National,2020,24,351,1,0,1,3,0,0,0.002849003,0,0.002849003,0.008547009,0,0
National,2020,25,401,0,0,0,0,0,0,0,0,0,0,0,0
National,2020,26,215,0,0,3,0,0,0,0,0,0.013953488,0,0,0
National,2020,27,201,0,0,0,0,1,0,0,0,0,0,0.004975124,0
National,2020,28,265,0,0,1,1,0,0,0,0,0.003773585,0.003773585,0,0
National,2020,29,258,0,0,0,0,0,0,0,0,0,0,0,0
National,2020,30,260,0,0,2,0,0,0,0,0,0.007692308,0,0,0
National,2020,31,209,0,0,0,0,0,0,0,0,0,0,0,0
National,2020,32,186,0,0,0,0,0,0,0,0,0,0,0,0
National,2020,33,133,0,0,0,1,0,0,0,0,0,0.007518797,0,0
National,2020,34,221,0,0,0,0,0,0,0,0,0,0,0,0
National,2020,35,2357,0,0,0,0,0,0,0,0,0,0,0,0
National,2020,36,2577,0,0,2,1,0,0,0,0,0.000776096,0.000388048,0,0
National,2020,37,159,0,1,0,0,0,0,0,0.006289308,0,0,0,0
National,2020,38,217,0,0,1,0,0,0,0,0,0.004608295,0,0,0
National,2020,39,2801,0,0,1,0,0,0,0,0,0.000357015,0,0,0
National,2020,40,11625,0,0,3,2,0,0,0,0,0.000258065,0.000172043,0,0
National,2020,41,12238,3,2,3,5,0,0,0.000245138,0.000163425,0.000245138,0.000408563,0,0
National,2020,42,11400,0,1,4,5,0,0,0,8.77E-05,0.000350877,0.000438596,0,0
National,2020,43,15744,1,1,11,4,0,0,6.35E-05,6.35E-05,0.000698679,0.000254065,0,0
National,2020,44,20424,0,1,7,13,0,0,0,4.90E-05,0.000342734,0.000636506,0,0
National,2020,45,26500,0,1,6,9,0,0,0,3.77E-05,0.000226415,0.000339623,0,0
National,2020,46,25765,3,4,6,5,0,0,0.000116437,0.000155249,0.000232874,0.000194062,0,0
National,2020,47,19256,0,3,0,2,0,0,0,0.000155796,0,0.000103864,0,0
National,2020,48,11230,2,0,6,2,0,0,0.000178094,0,0.000534283,0.000178094,0,0
National,2020,49,17684,0,0,5,4,0,0,0,0,0.000282741,0.000226193,0,0
National,2020,50,16500,3,3,8,1,0,0,0.000181818,0.000181818,0.000484848,6.06E-05,0,0
National,2020,51,15179,0,0,5,4,0,0,0,0,0.000329402,0.000263522,0,0
National,2020,52,12475,0,0,2,2,0,0,0,0,0.000160321,0.000160321,0,0
National,2020,53,11282,1,2,6,3,0,0,8.86E-05,0.000177274,0.000531821,0.00026591,0,0
National,2021,1,17564,0,2,6,3,0,0,0,0.000113869,0.000341608,0.000170804,0,0
National,2021,2,15700,0,1,4,3,1,0,0,6.37E-05,0.000254777,0.000191083,6.37E-05,0
National,2021,3,13900,0,1,2,1,0,0,0,7.19E-05,0.000143885,7.19E-05,0,0
National,2021,4,13218,1,0,2,1,0,0,7.57E-05,0,0.000151309,7.57E-05,0,0
National,2021,5,16294,0,0,4,3,0,0,0,0,0.000245489,0.000184117,0,0
National,2021,6,17146,0,0,2,1,0,0,0,0,0.000116645,5.83E-05,0,0
National,2021,7,13415,0,0,3,1,0,0,0,0,0.00022363,7.45E-05,0,0
National,2021,8,16609,1,1,1,5,0,0,6.02E-05,6.02E-05,6.02E-05,0.000301042,0,0
National,2021,9,14811,0,0,2,0,0,0,0,0,0.000135035,0,0,0
National,2021,10,16938,1,0,1,1,0,0,5.90E-05,0,5.90E-05,5.90E-05,0,0
National,2021,11,14622,0,1,4,2,0,0,0,6.84E-05,0.00027356,0.00013678,0,0
National,2021,12,14940,0,0,1,0,0,0,0,0,6.69E-05,0,0,0
National,2021,13,13875,0,0,5,1,0,0,0,0,0.00036036,7.21E-05,0,0
National,2021,14,14151,1,0,0,0,0,0,7.07E-05,0,0,0,0,0
National,2021,15,15543,1,1,3,2,0,0,6.43E-05,6.43E-05,0.000193013,0.000128675,0,0
National,2021,16,12397,0,0,0,1,0,0,0,0,0,8.07E-05,0,0
National,2021,17,12801,0,0,1,0,0,0,0,0,7.81E-05,0,0,0
National,2021,18,10803,0,0,0,0,0,0,0,0,0,0,0,0
National,2021,19,9396,0,0,0,0,0,0,0,0,0,0,0,0
National,2021,20,10065,0,0,1,0,0,0,0,0,9.94E-05,0,0,0
National,2021,21,8870,0,0,0,0,0,0,0,0,0,0,0,0
National,2021,22,6798,1,0,2,1,0,0,0.000147102,0,0.000294204,0.000147102,0,0
National,2021,23,5627,0,0,2,0,0,0,0,0,0.000355429,0,0,0
National,2021,24,5571,0,1,0,0,0,0,0,0.000179501,0,0,0,0
National,2021,25,6290,1,0,0,0,0,0,0.000158983,0,0,0,0,0
National,2021,26,7281,0,0,1,0,0,0,0,0,0.000137344,0,0,0
National,2021,27,6687,1,1,2,1,0,0,0.000149544,0.000149544,0.000299088,0.000149544,0,0
National,2021,28,8934,0,3,3,1,0,0,0,0.000335796,0.000335796,0.000111932,0,0
National,2021,29,8550,0,2,0,0,0,0,0,0.000233918,0,0,0,0
National,2021,30,9265,1,1,1,0,0,0,0.000107933,0.000107933,0.000107933,0,0,0
National,2021,31,13519,0,2,3,0,0,0,0,0.00014794,0.00022191,0,0,0
National,2021,32,16102,0,1,2,0,1,0,0,6.21E-05,0.000124208,0,6.21E-05,0
National,2021,33,21728,0,3,2,1,0,0,0,0.000138071,9.20E-05,4.60E-05,0,0
National,2021,34,24120,1,0,5,3,0,0,4.15E-05,0,0.000207297,0.000124378,0,0
National,2021,35,24979,1,0,2,1,0,0,4.00E-05,0,8.01E-05,4.00E-05,0,0
National,2021,36,20964,0,0,6,1,0,0,0,0,0.000286205,4.77E-05,0,0
National,2021,37,21209,1,6,3,0,0,0,4.71E-05,0.000282899,0.000141449,0,0,0
National,2021,38,19881,3,22,6,0,0,0,0.000150898,0.001106584,0.000301796,0,0,0
National,2021,39,18072,0,38,2,1,0,0,0,0.0021027,0.000110668,5.53E-05,0,0
National,2021,40,19717,1,86,5,4,0,0,5.07E-05,0.004361718,0.000253588,0.000202871,0,0
National,2021,41,19250,0,93,2,8,1,0,0,0.004831169,0.000103896,0.000415584,5.19E-05,0
National,2021,42,24794,0,52,3,4,0,0,0,0.002097282,0.000120997,0.000161329,0,0
National,2021,43,24959,0,50,7,3,0,0,0,0.002003285,0.00028046,0.000120197,0,0
National,2021,44,24215,0,183,11,1,0,0,0,0.007557299,0.000454264,4.13E-05,0,0
National,2021,45,23094,0,213,48,3,0,0,0,0.009223175,0.002078462,0.000129904,0,0
National,2021,46,23971,2,452,77,5,0,0,8.34E-05,0.018856118,0.003212215,0.000208585,0,0
National,2021,47,16622,1,526,60,4,0,0,6.02E-05,0.031644808,0.003609674,0.000240645,0,0
National,2021,48,25542,1,836,136,4,0,0,3.92E-05,0.032730405,0.005324563,0.000156605,0,0
National,2021,49,29962,0,952,241,1,0,0,0,0.03177358,0.008043522,3.34E-05,0,0
National,2021,50,32805,0,1097,316,4,0,0,0,0.033440024,0.009632678,0.000121933,0,0
National,2021,51,33188,0,1022,287,3,0,0,0,0.030794263,0.008647704,9.04E-05,0,0
National,2021,52,43706,0,1016,506,6,0,0,0,0.023246236,0.011577358,0.000137281,0,0
National,2022,1,66341,0,814,344,8,0,0,0,0.012269939,0.00518533,0.000120589,0,0
National,2022,2,66684,0,635,393,2,0,0,0,0.009522524,0.005893468,3.00E-05,0,0
National,2022,3,49917,0,529,202,1,0,0,0,0.010597592,0.004046718,2.00E-05,0,0
National,2022,4,40883,0,403,189,5,0,0,0,0.009857398,0.004622948,0.0001223,0,0
National,2022,5,27696,0,387,121,3,0,0,0,0.013973137,0.004368862,0.000108319,0,0
National,2022,6,26692,0,488,147,2,0,0,0,0.018282632,0.005507268,7.49E-05,0,0
National,2022,7,22867,1,408,162,1,0,0,4.37E-05,0.017842306,0.007084445,4.37E-05,0,0
National,2022,8,18155,0,371,128,2,0,0,0,0.020435142,0.007050399,0.000110162,0,0
National,2022,9,17681,1,476,135,2,0,0,5.66E-05,0.026921554,0.007635315,0.000113116,0,0
National,2022,10,15973,0,489,109,0,0,0,0,0.030614161,0.006824016,0,0,0
National,2022,11,13891,3,474,131,0,0,0,0.000215967,0.034122813,0.009430567,0,0,0
National,2022,12,14380,0,603,98,1,0,0,0,0.041933241,0.006815021,6.95E-05,0,0
National,2022,13,13833,0,666,114,1,0,0,0,0.048145738,0.008241162,7.23E-05,0,0
National,2022,14,13517,0,615,96,1,0,0,0,0.045498261,0.007102168,7.40E-05,0,0
National,2022,15,13937,0,689,119,4,0,0,0,0.049436751,0.008538423,0.000287006,0,0
National,2022,16,14154,3,703,125,3,0,0,0.000211954,0.049667938,0.008831426,0.000211954,0,0
National,2022,17,14784,3,696,99,1,0,0,0.000202922,0.047077922,0.006696429,6.76E-05,0,0
National,2022,18,15465,3,741,92,1,0,0,0.000193986,0.047914646,0.005948917,6.47E-05,0,0
National,2022,19,15407,1,647,170,3,0,0,6.49E-05,0.041993899,0.011033946,0.000194717,0,0
National,2022,20,15694,4,623,149,1,0,0,0.000254874,0.039696699,0.009494074,6.37E-05,0,0
National,2022,21,15103,1,512,114,1,0,0,6.62E-05,0.03390055,0.007548169,6.62E-05,0,0
National,2022,22,14157,1,472,101,1,0,0,7.06E-05,0.033340397,0.00713428,7.06E-05,0,0
National,2022,23,15100,0,349,75,2,0,0,0,0.023112583,0.004966887,0.00013245,0,0
National,2022,24,15901,0,307,46,3,0,0,0,0.019306962,0.0028929,0.000188667,0,0
National,2022,25,17089,0,168,29,1,0,0,0,0.009830885,0.001696998,5.85E-05,0,0
National,2022,26,19211,1,76,25,1,0,0,5.21E-05,0.003956067,0.001301338,5.21E-05,0,0
National,2022,27,18863,0,85,12,1,0,0,0,0.004506176,0.000636166,5.30E-05,0,0
National,2022,28,20102,0,115,11,1,0,0,0,0.005720824,0.000547209,4.97E-05,0,0
National,2022,29,21097,1,42,9,4,0,0,4.74E-05,0.001990804,0.000426601,0.0001896,0,0
National,2022,30,21459,0,31,15,3,0,0,0,0.001444615,0.000699007,0.000139801,0,0
National,2022,31,18775,2,40,16,2,3,0,0.000106525,0.002130493,0.000852197,0.000106525,0.000159787,0
National,2022,32,15390,1,84,7,2,0,0,6.50E-05,0.00545809,0.000454841,0.000129955,0,0
National,2022,33,20736,6,67,7,1,0,0,0.000289352,0.003231096,0.000337577,4.82E-05,0,0
National,2022,34,18609,11,77,7,0,0,0,0.000591112,0.004137783,0.000376162,0,0,0
National,2022,35,16469,8,71,8,3,0,0,0.000485761,0.00431113,0.000485761,0.00018216,0,0
National,2022,36,11581,8,72,11,0,1,0,0.000690787,0.00621708,0.000949832,0,8.63E-05,0
National,2022,37,11629,5,68,8,5,0,0,0.00042996,0.00584745,0.000687935,0.00042996,0,0
National,2022,38,11300,17,110,10,7,0,0,0.001504425,0.009734513,0.000884956,0.000619469,0,0
National,2022,39,9961,25,112,18,3,0,0,0.002509788,0.011243851,0.001807047,0.000301175,0,0
National,2022,40,9129,39,239,19,3,0,0,0.0042721,0.026180305,0.002081279,0.000328623,0,0
National,2022,41,8523,66,364,23,3,0,0,0.007743752,0.042707967,0.00269858,0.000351989,0,0
National,2022,42,9405,114,449,33,4,1,0,0.012121212,0.047740564,0.003508772,0.000425306,0.000106326,0
National,2022,43,9449,230,706,51,2,0,0,0.0243412,0.074716901,0.005397397,0.000211663,0,0
National,2022,44,10311,316,917,175,4,0,0,0.030646882,0.088934148,0.016972166,0.000387935,0,0
National,2022,45,9508,323,1195,192,1,0,0,0.033971393,0.125683635,0.020193521,0.000105175,0,0
National,2022,46,11458,443,1557,339,4,0,0,0.038662943,0.135887589,0.029586315,0.000349101,0,0
National,2022,47,9795,461,1844,365,1,0,0,0.047064829,0.188259316,0.03726391,0.000102093,0,0
National,2022,48,12408,646,2086,661,1,0,0,0.052063185,0.168117344,0.053272083,8.06E-05,0,0
National,2022,49,11813,548,2013,585,2,0,0,0.046389571,0.170405485,0.049521713,0.000169305,0,0
National,2022,50,11451,535,1729,549,1,0,0,0.04672081,0.15099118,0.047943411,8.73E-05,0,0
National,2022,51,9465,456,1199,480,3,0,0,0.048177496,0.126677232,0.050713154,0.000316957,0,0
National,2022,52,8105,443,850,263,0,0,0,0.054657619,0.104873535,0.032449105,0,0,0
National,2023,1,8704,398,822,227,2,0,0,0.045726103,0.094439338,0.026079963,0.000229779,0,0
National,2023,2,8314,223,527,96,1,0,0,0.026822228,0.063387058,0.011546789,0.000120279,0,0
National,2023,3,7494,210,324,66,4,0,0,0.028022418,0.043234588,0.008807046,0.00053376,0,0
National,2023,4,6773,123,165,40,0,0,0,0.018160343,0.024361435,0.005905802,0,0,0
National,2023,5,6156,121,118,24,2,0,0,0.019655621,0.019168291,0.003898635,0.000324886,0,0
National,2023,6,7288,131,115,26,6,0,0,0.017974753,0.015779363,0.003567508,0.000823271,0,0
National,2023,7,7334,85,69,18,3,0,0,0.011589855,0.009408236,0.002454322,0.000409054,0,0
National,2023,8,6673,61,60,17,4,0,0,0.009141316,0.008991458,0.00254758,0.000599431,0,0
National,2023,9,7123,75,53,13,8,0,0,0.010529271,0.007440685,0.001825074,0.001123122,0,0
National,2023,10,6906,75,44,15,10,0,0,0.010860122,0.006371271,0.002172024,0.001448016,0,0
National,2023,11,6185,59,28,8,9,0,0,0.009539208,0.004527082,0.001293452,0.001455133,0,0
National,2023,12,6178,60,38,11,15,0,0,0.009711881,0.006150858,0.001780511,0.00242797,0,0
National,2023,13,5096,57,17,16,10,0,0,0.011185243,0.00333595,0.003139717,0.001962323,0,0
National,2023,14,5036,65,19,11,14,0,0,0.012907069,0.003772836,0.002184273,0.002779984,0,0
National,2023,15,4982,47,6,9,11,0,0,0.009433962,0.001204336,0.001806503,0.002207949,0,0
National,2023,16,4133,33,12,2,17,0,0,0.007984515,0.00290346,0.00048391,0.004113235,0,0
National,2023,17,4106,43,18,2,12,0,0,0.010472479,0.004383829,0.000487092,0.002922552,0,0
National,2023,18,3965,41,9,2,11,0,0,0.010340479,0.002269861,0.000504414,0.002774275,0,0
National,2023,19,3630,50,4,2,9,0,0,0.013774105,0.001101928,0.000550964,0.002479339,0,0
National,2023,20,3252,46,10,3,10,0,0,0.014145141,0.003075031,0.000922509,0.003075031,0,0
National,2023,21,2971,43,3,5,15,0,0,0.014473241,0.001009761,0.001682935,0.005048805,0,0
National,2023,22,2480,57,1,5,11,0,0,0.022983871,0.000403226,0.002016129,0.004435484,0,0
National,2023,23,2696,67,5,3,13,0,0,0.024851632,0.001854599,0.00111276,0.004821958,0,0
National,2023,24,2280,62,3,7,8,0,0,0.027192982,0.001315789,0.003070175,0.003508772,0,0
National,2023,25,2351,68,5,4,6,0,0,0.028923862,0.002126755,0.001701404,0.002552105,0,0
National,2023,26,2417,64,17,5,3,0,0,0.026479106,0.007033513,0.00206868,0.001241208,0,0
National,2023,27,1828,61,1,4,4,0,0,0.033369803,0.000547046,0.002188184,0.002188184,0,0
National,2023,28,2174,59,4,6,1,0,0,0.027138914,0.001839926,0.00275989,0.000459982,0,0
National,2023,29,2112,67,7,1,2,1,0,0.031723485,0.003314394,0.000473485,0.00094697,0.000473485,0
National,2023,30,1672,48,5,1,1,0,0,0.028708134,0.002990431,0.000598086,0.000598086,0,0
National,2023,31,1476,74,6,6,1,0,0,0.050135501,0.004065041,0.004065041,0.000677507,0,0
National,2023,32,1963,45,5,8,3,0,0,0.022924096,0.002547122,0.004075395,0.001528273,0,0
National,2023,33,1878,54,13,6,1,0,0,0.028753994,0.006922258,0.003194888,0.000532481,0,0
National,2023,34,1946,59,11,4,9,0,0,0.030318602,0.005652621,0.002055498,0.004624872,0,0
National,2023,35,2046,58,10,9,3,0,0,0.028347996,0.004887586,0.004398827,0.001466276,0,0
National,2023,36,2401,65,8,19,6,0,0,0.027072053,0.003331945,0.007913369,0.002498959,0,0
National,2023,37,3316,59,15,8,1,0,0,0.017792521,0.004523522,0.002412545,0.000301568,0,0
National,2023,38,3221,91,10,6,1,0,0,0.028252096,0.003104626,0.001862776,0.000310463,0,0
National,2023,39,3115,122,10,7,6,0,0,0.039165329,0.003210273,0.002247191,0.001926164,0,0
National,2023,40,3064,176,16,10,3,0,0,0.057441253,0.005221932,0.003263708,0.000979112,0,0
National,2023,41,3067,213,22,12,5,0,0,0.069448973,0.007173133,0.003912618,0.001630258,0,0
National,2023,42,3416,276,26,34,12,0,0,0.080796253,0.007611241,0.009953162,0.003512881,0,0
National,2023,43,2934,240,36,48,14,0,0,0.081799591,0.012269939,0.016359918,0.004771643,0,0
National,2023,44,3172,292,41,63,13,0,0,0.092055485,0.012925599,0.019861286,0.004098361,0,0
National,2023,45,3303,483,62,111,29,0,0,0.146230699,0.018770814,0.033605813,0.008779897,0,0
National,2023,46,3897,489,103,149,43,0,0,0.125481139,0.026430588,0.038234539,0.011034129,0,0
National,2023,47,3032,583,124,141,27,0,0,0.192282322,0.040897098,0.046503958,0.008905013,0,0
National,2023,48,4221,711,176,174,24,0,0,0.168443497,0.041696281,0.041222459,0.005685856,0,0
National,2023,49,4519,972,272,245,52,0,0,0.215091834,0.060190308,0.054215534,0.011506971,0,0
National,2023,50,5001,1017,288,400,82,0,0,0.203359328,0.057588482,0.079984003,0.016396721,0,0
National,2023,51,5079,1242,330,277,39,0,0,0.244536326,0.06497342,0.054538295,0.007678677,0,0
National,2023,52,4499,1229,303,249,21,0,0,0.273171816,0.0673483,0.055345632,0.004667704,0,0
National,2024,1,4878,1134,338,231,59,0,0,0.232472325,0.069290693,0.047355474,0.012095121,0,0
National,2024,2,5104,945,346,242,60,0,0,0.185148903,0.067789969,0.047413793,0.011755486,0,0
National,2024,3,3798,794,302,163,46,0,0,0.209057399,0.079515534,0.042917325,0.012111638,0,0
National,2024,4,4305,765,393,190,57,0,0,0.177700348,0.091289199,0.044134727,0.013240418,0,0
National,2024,5,4136,692,394,138,58,0,0,0.167311412,0.095261122,0.033365571,0.014023211,0,0
National,2024,6,4024,607,434,172,61,0,0,0.15084493,0.107852883,0.042743539,0.015159046,0,0
National,2024,7,4208,518,438,150,57,0,0,0.123098859,0.104087452,0.035646388,0.013545627,0,0
National,2024,8,4023,488,442,172,63,0,0,0.121302511,0.109868258,0.042754164,0.015659955,0,0
National,2024,9,4066,475,397,139,49,0,0,0.11682243,0.097638957,0.034185932,0.012051156,0,0
National,2024,10,3764,371,419,122,39,0,0,0.098565356,0.111317747,0.032412327,0.010361318,0,0
National,2024,11,3192,287,351,95,33,0,0,0.089912281,0.109962406,0.029761905,0.010338346,0,0
National,2024,12,2888,249,322,82,34,0,0,0.086218837,0.111495845,0.028393352,0.011772853,0,0
National,2024,13,2808,220,284,65,30,0,0,0.078347578,0.101139601,0.023148148,0.010683761,0,0
National,2024,14,2082,180,295,43,31,0,0,0.086455331,0.141690682,0.020653218,0.014889529,0,0
National,2024,15,1895,181,271,37,15,0,0,0.095514512,0.143007916,0.019525066,0.007915567,0,0
National,2024,16,1663,132,219,36,19,0,0,0.079374624,0.131689717,0.021647625,0.011425135,0,0
National,2024,17,1484,100,150,27,18,0,0,0.067385445,0.101078167,0.01819407,0.01212938,0,0
National,2024,18,1271,104,139,19,15,0,0,0.081825334,0.109362707,0.014948859,0.011801731,0,0
National,2024,19,1272,64,104,16,15,0,0,0.050314465,0.081761006,0.012578616,0.011792453,0,0
National,2024,20,1034,54,88,15,2,0,0,0.052224371,0.085106383,0.01450677,0.001934236,0,0
National,2024,21,1096,53,118,13,2,0,1,0.048357664,0.107664234,0.011861314,0.001824818,0,0.000912409
National,2024,22,1137,59,104,11,6,0,0,0.051890941,0.091468777,0.009674582,0.005277045,0,0
National,2024,23,1125,63,128,7,3,0,0,0.056,0.113777778,0.006222222,0.002666667,0,0
National,2024,24,1287,84,128,11,2,0,0,0.065268065,0.099456099,0.008547009,0.001554002,0,0
National,2024,25,1175,76,125,16,5,0,0,0.064680851,0.106382979,0.013617021,0.004255319,0,0
National,2024,26,1622,90,162,14,1,0,0,0.055487053,0.099876695,0.008631319,0.000616523,0,0
National,2024,27,1280,72,149,22,1,0,0,0.05625,0.11640625,0.0171875,0.00078125,0,0
National,2024,28,1639,88,137,17,1,1,8,0.053691275,0.083587553,0.010372178,0.000610128,0.000610128,0.004881025
National,2024,29,1454,61,97,13,1,0,2,0.041953232,0.066712517,0.008940853,0.000687758,0,0.001375516
National,2024,30,1446,53,111,6,0,0,1,0.036652835,0.076763485,0.004149378,0,0,0.000691563
National,2024,31,1400,75,93,8,1,0,0,0.053571429,0.066428571,0.005714286,0.000714286,0,0
National,2024,32,1486,89,103,9,0,0,0,0.059892328,0.069313594,0.006056528,0,0,0
National,2024,33,1510,80,81,3,0,0,0,0.052980132,0.053642384,0.001986755,0,0,0
National,2024,34,1460,64,73,7,0,0,1,0.043835616,0.05,0.004794521,0,0,0.000684932
National,2024,35,1328,70,110,4,0,0,0,0.052710843,0.082831325,0.003012048,0,0,0
National,2024,36,1378,72,72,6,0,2,0,0.052249637,0.052249637,0.004354136,0,0.001451379,0
National,2024,37,1489,85,75,6,1,0,0,0.057085292,0.050369375,0.00402955,0.000671592,0,0
National,2024,38,1513,109,94,16,0,0,0,0.0720423,0.062128222,0.010575017,0,0,0
National,2024,39,1345,104,96,14,1,0,0,0.07732342,0.071375465,0.010408922,0.000743494,0,0
National,2024,40,1495,104,95,27,0,0,4,0.069565217,0.063545151,0.018060201,0,0,0.002675585
National,2024,41,1455,77,92,32,0,0,16,0.052920962,0.063230241,0.021993127,0,0,0.010996564
National,2024,42,1404,106,95,20,0,0,13,0.075498575,0.067663818,0.014245014,0,0,0.009259259
National,2024,43,1984,166,140,21,4,0,10,0.083669355,0.070564516,0.010584677,0.002016129,0,0.005040323
National,2024,44,1745,174,204,32,6,0,4,0.099713467,0.116905444,0.018338109,0.003438395,0,0.002292264
National,2024,45,1835,208,259,40,8,0,4,0.113351499,0.141144414,0.021798365,0.004359673,0,0.002179837
National,2024,46,1896,217,350,52,14,0,5,0.114451477,0.184599156,0.02742616,0.007383966,0,0.002637131
National,2024,47,2354,335,423,57,24,0,4,0.14231096,0.179694138,0.024214104,0.010195412,0,0.001699235
National,2024,48,2009,377,508,38,17,0,7,0.18765555,0.25286212,0.018914883,0.008461921,0,0.003484321
National,2024,49,3013,599,887,80,26,0,3,0.198805178,0.294390972,0.02655161,0.008629273,0,0.000995685
National,2024,50,4063,1013,1339,156,34,0,5,0.24932316,0.329559439,0.038395274,0.008368201,0,0.001230618
National,2024,51,5517,1459,2154,280,29,0,1,0.26445532,0.390429581,0.05075222,0.00525648,0,0.000181258
National,2024,52,6246,1872,2524,494,43,0,0,0.299711816,0.404098623,0.079090618,0.006884406,0,0
National,2025,1,7593,2249,2830,777,56,0,0,0.296193863,0.372711708,0.102331094,0.007375214,0,0
National,2025,2,7030,1915,2497,622,43,0,1,0.272403983,0.355192034,0.088477952,0.006116643,0,0.000142248
National,2025,3,8329,2455,2681,972,59,0,0,0.294753272,0.321887381,0.116700684,0.007083684,0,0
National,2025,4,9567,3257,3151,1183,84,0,0,0.3404411,0.329361346,0.123654228,0.008780182,0,0
National,2025,5,13017,4425,3877,1999,123,0,0,0.339940078,0.297841284,0.153568411,0.009449182,0,0
National,2025,6,12111,4250,3320,1810,160,0,1,0.350920651,0.274130955,0.149450912,0.01321113,0,8.26E-05
National,2025,7,10274,3855,2949,925,157,0,1,0.375218999,0.287035235,0.090033093,0.015281293,0,9.73E-05
National,2025,8,7720,3105,1963,480,120,0,0,0.402202073,0.254274611,0.062176166,0.015544041,0,0
National,2025,9,7328,2690,1871,529,128,0,0,0.367085153,0.255322052,0.072188865,0.017467249,0,0
National,2025,10,6056,2212,1373,512,133,0,0,0.365257596,0.226717305,0.084544254,0.021961691,0,0
National,2025,11,5402,1912,1174,541,177,0,0,0.353942984,0.217326916,0.100148093,0.032765642,0,0
National,2025,12,4711,1588,1090,327,153,0,0,0.337083422,0.231373381,0.069412014,0.032477181,0,0
National,2025,13,3132,926,527,142,137,0,0,0.295657727,0.168263091,0.045338442,0.043742018,0,0
National,2025,14,2854,837,492,81,167,0,0,0.2932726,0.172389629,0.028381219,0.058514366,0,0
National,2025,15,2221,506,236,56,163,0,0,0.227825304,0.106258442,0.025213868,0.073390365,0,0
National,2025,16,1791,366,158,45,162,0,0,0.204355109,0.088218872,0.025125628,0.090452261,0,0
National,2025,17,2098,490,313,45,142,0,0,0.233555767,0.149189704,0.021448999,0.067683508,0,0
National,2025,18,1668,274,198,27,120,0,0,0.164268585,0.118705036,0.01618705,0.071942446,0,0
National,2025,19,1513,329,159,11,87,0,0,0.217448777,0.105089227,0.007270324,0.057501652,0,0
National,2025,20,1032,160,38,11,53,0,0,0.15503876,0.036821705,0.010658915,0.051356589,0,0
National,2025,21,853,92,36,14,27,0,0,0.107854631,0.042203986,0.016412661,0.031652989,0,0
National,2025,22,846,115,25,14,33,0,0,0.135933806,0.029550827,0.016548463,0.039007092,0,0
National,2025,23,897,122,15,13,33,0,0,0.136008919,0.016722408,0.014492754,0.036789298,0,0
National,2025,24,750,91,13,9,15,0,0,0.121333333,0.017333333,0.012,0.02,0,0
National,2025,25,690,62,11,5,11,0,0,0.089855072,0.015942029,0.007246377,0.015942029,0,0
National,2025,26,670,96,5,2,14,0,0,0.143283582,0.007462687,0.002985075,0.020895522,0,0
National,2025,27,619,58,12,1,5,0,0,0.093699515,0.019386107,0.001615509,0.008077544,0,0
National,2025,28,804,54,12,2,1,0,0,0.067164179,0.014925373,0.002487562,0.001243781,0,0
National,2025,29,655,61,3,1,3,0,0,0.093129771,0.004580153,0.001526718,0.004580153,0,0
National,2025,30,582,52,26,4,1,0,0,0.089347079,0.04467354,0.006872852,0.001718213,0,0
National,2025,31,663,54,14,1,2,0,0,0.081447964,0.021116139,0.001508296,0.003016591,0,0
National,2025,32,664,39,15,1,2,0,0,0.05873494,0.022590361,0.001506024,0.003012048,0,0
National,2025,33,856,41,10,3,1,0,0,0.047897196,0.011682243,0.003504673,0.001168224,0,0
National,2025,34,839,71,13,3,1,0,0,0.084624553,0.015494636,0.003575685,0.001191895,0,0
National,2025,35,866,57,22,5,1,0,0,0.065819861,0.025404157,0.005773672,0.001154734,0,0
National,2025,36,990,48,28,2,2,0,0,0.048484848,0.028282828,0.002020202,0.002020202,0,0
National,2025,37,940,52,29,4,1,0,0,0.055319149,0.030851064,0.004255319,0.00106383,0,0
National,2025,38,847,45,29,7,2,0,0,0.053128689,0.034238489,0.008264463,0.002361275,0,0
National,2025,39,910,43,28,8,6,0,0,0.047252747,0.030769231,0.008791209,0.006593407,0,0
National,2025,40,985,62,43,5,5,0,0,0.062944162,0.043654822,0.005076142,0.005076142,0,0
National,2025,41,952,52,65,6,5,0,0,0.054621849,0.068277311,0.006302521,0.005252101,0,0
National,2025,42,1050,68,108,10,6,0,0,0.064761905,0.102857143,0.00952381,0.005714286,0,0
National,2025,43,1182,114,139,11,3,0,0,0.096446701,0.117597293,0.009306261,0.002538071,0,0
National,2025,44,1262,77,187,9,10,0,0,0.061014263,0.148177496,0.007131537,0.00792393,0,0
National,2025,45,1547,138,431,16,14,0,0,0.089204913,0.278603749,0.010342599,0.009049774,0,0
National,2025,46,1750,175,670,21,24,0,2,0.1,0.382857143,0.012,0.013714286,0,0.001142857
National,2025,47,2373,207,1049,53,61,0,0,0.087231353,0.442056469,0.022334598,0.025705858,0,0
National,2025,48,2483,208,1312,139,33,0,0,0.083769634,0.528393073,0.055980669,0.013290375,0,0
National,2025,49,3480,205,1737,240,51,0,0,0.058908046,0.499137931,0.068965517,0.014655172,0,0
National,2025,50,4771,250,2514,741,43,0,0,0.052399916,0.526933557,0.155313351,0.009012786,0,0
National,2025,51,6987,302,3718,1593,78,0,0,0.043223129,0.532131101,0.227994848,0.01116359,0,0
National,2025,52,7716,328,4266,1842,93,0,0,0.042509072,0.552877138,0.238724728,0.012052877,0,0
National,2025,53,7635,377,4055,1756,106,0,0,0.049377865,0.531106745,0.229993451,0.013883432,0,0
National,2026,1,6602,315,3235,1194,119,0,0,0.047712814,0.490003029,0.180854287,0.018024841,0,0
National,2026,2,4932,290,2388,624,113,0,0,0.058799676,0.484184915,0.126520681,0.022911598,0,0
National,2026,3,4441,318,2335,329,146,0,0,0.071605494,0.525782481,0.074082414,0.032875478,0,0
National,2026,4,3837,270,1883,233,199,0,0,0.070367475,0.49074798,0.060724524,0.051863435,0,0
National,2026,5,4290,323,1934,211,294,0,0,0.075291375,0.450815851,0.049184149,0.068531469,0,0
National,2026,6,3888,285,1475,201,341,0,0,0.073302469,0.379372428,0.051697531,0.087705761,0,0
National,2026,7,3521,265,1170,165,512,0,0,0.075262709,0.332291963,0.046861687,0.145413235,0,0
National,2026,8,2943,227,872,105,399,0,0,0.077132178,0.296296296,0.03567788,0.135575943,0,0
National,2026,9,2868,207,746,73,495,0,0,0.072175732,0.260111576,0.025453278,0.172594142,0,0
National,2026,10,2029,134,394,38,354,0,0,0.066042385,0.194184327,0.018728438,0.174470182,0,0
National,2026,11,1368,86,226,41,264,0,0,0.062865497,0.165204678,0.02997076,0.192982456,0,0
National,2026,12,802,59,112,23,137,0,0,0.073566085,0.139650873,0.028678304,0.170822943,0,0
