REGION TYPE,REGION,YEAR,WEEK,TOTAL SPECIMENS,PERCENT POSITIVE,A (2009 H1N1),A (H1),A (H3),A (Subtyping not Performed),A (Unable to Subtype),A_not_determined,B,H3N2v,A (H5),CTR_A (2009 H1N1),CTR_A (H1),A (H3),CTR_A (Subtyping not Performed),CTR_A (Unable to Subtype),CTR_A_not_determined,CTR_B,CTR_H3N2v,CTR_A (H5)
National,X,1997,40,1291,0,0,0,0,0,0,0,0,0,0,0,0,0,0,0,0,0,0,0
National,X,1997,41,1513,0.727032,0,0,0,11,0,11,0,0,0,0,0,0,0.007270324,0,0.007270324,0,0,0
National,X,1997,42,1552,1.09536,0,0,3,13,0,13,1,0,0,0,0,0.00193299,0.008376289,0,0.008376289,0.00064433,0,0
National,X,1997,43,1669,0.419413,0,0,0,7,0,7,0,0,0,0,0,0,0.004194128,0,0.004194128,0,0,0
National,X,1997,44,1897,0.527148,0,0,9,1,0,1,0,0,0,0,0,0.004744333,0.000527148,0,0.000527148,0,0,0
National,X,1997,45,2106,0.2849,0,0,0,6,0,6,0,0,0,0,0,0,0.002849003,0,0.002849003,0,0,0
National,X,1997,46,2204,0.362976,0,0,3,4,0,4,1,0,0,0,0,0.001361162,0.001814882,0,0.001814882,0.000453721,0,0
National,X,1997,47,2533,0.908014,0,0,5,17,0,17,1,0,0,0,0,0.001973944,0.006711409,0,0.006711409,0.000394789,0,0
National,X,1997,48,2242,1.65031,0,0,14,22,0,22,1,0,0,0,0,0.006244425,0.009812667,0,0.009812667,0.00044603,0,0
National,X,1997,49,2607,1.53433,0,0,11,28,0,28,1,0,0,0,0,0.004219409,0.010740315,0,0.010740315,0.000383583,0,0
National,X,1997,50,3086,3.17563,0,0,37,59,0,59,2,0,0,0,0,0.011989631,0.0191186,0,0.0191186,0.000648088,0,0
National,X,1997,51,3410,7.1261,0,0,84,159,0,159,0,0,0,0,0,0.024633431,0.046627566,0,0.046627566,0,0,0
National,X,1997,52,3349,12.6008,0,0,111,311,0,311,0,0,0,0,0,0.033144222,0.092863541,0,0.092863541,0,0,0
National,X,1997,53,4402,17.9464,0,1,161,627,0,627,1,0,0,0,0.000227169,0.036574284,0.142435257,0,0.142435257,0.000227169,0,0
National,X,1998,1,5294,19.3049,0,0,211,808,0,808,3,0,0,0,0,0.039856441,0.152625614,0,0.152625614,0.000566679,0,0
National,X,1998,2,5501,20.9235,0,3,281,863,0,863,4,0,0,0,0.000545355,0.051081622,0.156880567,0,0.156880567,0.000727141,0,0
National,X,1998,3,6196,25.6133,0,1,453,1132,0,1132,1,0,0,0,0.000161394,0.073111685,0.182698515,0,0.182698515,0.000161394,0,0
National,X,1998,4,6730,28.0684,0,0,589,1299,0,1299,1,0,0,0,0,0.087518574,0.193016345,0,0.193016345,0.000148588,0,0
National,X,1998,5,6288,26.7176,0,0,413,1266,0,1266,1,0,0,0,0,0.065680662,0.201335878,0,0.201335878,0.000159033,0,0
National,X,1998,6,5867,24.3736,0,1,363,1061,0,1061,5,0,0,0,0.000170445,0.061871485,0.180841998,0,0.180841998,0.000852224,0,0
National,X,1998,7,4904,20.1264,0,0,226,757,0,757,4,0,0,0,0,0.046084829,0.154363785,0,0.154363785,0.000815661,0,0
National,X,1998,8,3975,14.239,0,0,93,469,0,469,4,0,0,0,0,0.023396226,0.117987421,0,0.117987421,0.001006289,0,0
National,X,1998,9,3169,9.6876,0,0,63,241,0,241,3,0,0,0,0,0.019880088,0.076049227,0,0.076049227,0.000946671,0,0
National,X,1998,10,2658,7.5997,0,0,47,149,0,149,6,0,0,0,0,0.017682468,0.056057186,0,0.056057186,0.002257336,0,0
National,X,1998,11,2234,5.41629,0,0,30,86,0,86,5,0,0,0,0,0.013428827,0.038495971,0,0.038495971,0.002238138,0,0
National,X,1998,12,2048,4.10156,0,0,12,66,0,66,6,0,0,0,0,0.005859375,0.032226563,0,0.032226563,0.002929688,0,0
National,X,1998,13,1683,2.79263,0,0,11,29,0,29,7,0,0,0,0,0.006535948,0.017231135,0,0.017231135,0.004159239,0,0
National,X,1998,14,1532,2.21932,0,0,6,22,0,22,6,0,0,0,0,0.003916449,0.014360313,0,0.014360313,0.003916449,0,0
National,X,1998,15,1357,2.87399,0,0,0,27,0,27,12,0,0,0,0,0,0.019896831,0,0.019896831,0.008843036,0,0
National,X,1998,16,1421,1.47783,0,0,1,16,0,16,4,0,0,0,0,0.00070373,0.011259676,0,0.011259676,0.002814919,0,0
National,X,1998,17,1236,1.2945,0,0,1,9,0,9,6,0,0,0,0,0.000809061,0.007281553,0,0.007281553,0.004854369,0,0
National,X,1998,18,1142,1.40105,0,0,3,8,0,8,5,0,0,0,0,0.00262697,0.007005254,0,0.007005254,0.004378284,0,0
National,X,1998,19,1038,0.867052,0,0,0,5,0,5,4,0,0,0,0,0,0.004816956,0,0.004816956,0.003853565,0,0
National,X,1998,20,938,0.959488,0,0,0,2,0,2,7,0,0,0,0,0,0.002132196,0,0.002132196,0.007462687,0,0
National,X,1998,21,0,0,0,0,0,0,0,0,0,0,0,#DIV/0!,#DIV/0!,#DIV/0!,#DIV/0!,#DIV/0!,#DIV/0!,#DIV/0!,#DIV/0!,#DIV/0!
National,X,1998,22,0,0,0,0,0,0,0,0,0,0,0,#DIV/0!,#DIV/0!,#DIV/0!,#DIV/0!,#DIV/0!,#DIV/0!,#DIV/0!,#DIV/0!,#DIV/0!
National,X,1998,23,0,0,0,0,0,0,0,0,0,0,0,#DIV/0!,#DIV/0!,#DIV/0!,#DIV/0!,#DIV/0!,#DIV/0!,#DIV/0!,#DIV/0!,#DIV/0!
National,X,1998,24,0,0,0,0,0,0,0,0,0,0,0,#DIV/0!,#DIV/0!,#DIV/0!,#DIV/0!,#DIV/0!,#DIV/0!,#DIV/0!,#DIV/0!,#DIV/0!
National,X,1998,25,0,0,0,0,0,0,0,0,0,0,0,#DIV/0!,#DIV/0!,#DIV/0!,#DIV/0!,#DIV/0!,#DIV/0!,#DIV/0!,#DIV/0!,#DIV/0!
National,X,1998,26,0,0,0,0,0,0,0,0,0,0,0,#DIV/0!,#DIV/0!,#DIV/0!,#DIV/0!,#DIV/0!,#DIV/0!,#DIV/0!,#DIV/0!,#DIV/0!
National,X,1998,27,0,0,0,0,0,0,0,0,0,0,0,#DIV/0!,#DIV/0!,#DIV/0!,#DIV/0!,#DIV/0!,#DIV/0!,#DIV/0!,#DIV/0!,#DIV/0!
National,X,1998,28,0,0,0,0,0,0,0,0,0,0,0,#DIV/0!,#DIV/0!,#DIV/0!,#DIV/0!,#DIV/0!,#DIV/0!,#DIV/0!,#DIV/0!,#DIV/0!
National,X,1998,29,0,0,0,0,0,0,0,0,0,0,0,#DIV/0!,#DIV/0!,#DIV/0!,#DIV/0!,#DIV/0!,#DIV/0!,#DIV/0!,#DIV/0!,#DIV/0!
National,X,1998,30,0,0,0,0,0,0,0,0,0,0,0,#DIV/0!,#DIV/0!,#DIV/0!,#DIV/0!,#DIV/0!,#DIV/0!,#DIV/0!,#DIV/0!,#DIV/0!
National,X,1998,31,0,0,0,0,0,0,0,0,0,0,0,#DIV/0!,#DIV/0!,#DIV/0!,#DIV/0!,#DIV/0!,#DIV/0!,#DIV/0!,#DIV/0!,#DIV/0!
National,X,1998,32,0,0,0,0,0,0,0,0,0,0,0,#DIV/0!,#DIV/0!,#DIV/0!,#DIV/0!,#DIV/0!,#DIV/0!,#DIV/0!,#DIV/0!,#DIV/0!
National,X,1998,33,0,0,0,0,0,0,0,0,0,0,0,#DIV/0!,#DIV/0!,#DIV/0!,#DIV/0!,#DIV/0!,#DIV/0!,#DIV/0!,#DIV/0!,#DIV/0!
National,X,1998,34,0,0,0,0,0,0,0,0,0,0,0,#DIV/0!,#DIV/0!,#DIV/0!,#DIV/0!,#DIV/0!,#DIV/0!,#DIV/0!,#DIV/0!,#DIV/0!
National,X,1998,35,0,0,0,0,0,0,0,0,0,0,0,#DIV/0!,#DIV/0!,#DIV/0!,#DIV/0!,#DIV/0!,#DIV/0!,#DIV/0!,#DIV/0!,#DIV/0!
National,X,1998,36,0,0,0,0,0,0,0,0,0,0,0,#DIV/0!,#DIV/0!,#DIV/0!,#DIV/0!,#DIV/0!,#DIV/0!,#DIV/0!,#DIV/0!,#DIV/0!
National,X,1998,37,0,0,0,0,0,0,0,0,0,0,0,#DIV/0!,#DIV/0!,#DIV/0!,#DIV/0!,#DIV/0!,#DIV/0!,#DIV/0!,#DIV/0!,#DIV/0!
National,X,1998,38,0,0,0,0,0,0,0,0,0,0,0,#DIV/0!,#DIV/0!,#DIV/0!,#DIV/0!,#DIV/0!,#DIV/0!,#DIV/0!,#DIV/0!,#DIV/0!
National,X,1998,39,0,0,0,0,0,0,0,0,0,0,0,#DIV/0!,#DIV/0!,#DIV/0!,#DIV/0!,#DIV/0!,#DIV/0!,#DIV/0!,#DIV/0!,#DIV/0!
National,X,1998,40,1407,0.142146,0,0,2,0,0,0,0,0,0,0,0,0.001421464,0,0,0,0,0,0
National,X,1998,41,1453,0.344116,0,0,4,1,0,1,0,0,0,0,0,0.002752925,0.000688231,0,0.000688231,0,0,0
National,X,1998,42,1654,0.181378,0,1,0,2,0,2,0,0,0,0,0.000604595,0,0.00120919,0,0.00120919,0,0,0
National,X,1998,43,1814,0.330761,0,0,1,0,0,0,5,0,0,0,0,0.000551268,0,0,0,0.00275634,0,0
National,X,1998,44,2051,0.877621,0,0,12,6,0,6,0,0,0,0,0,0.005850804,0.002925402,0,0.002925402,0,0,0
National,X,1998,45,2222,0.630063,0,0,5,5,0,5,4,0,0,0,0,0.002250225,0.002250225,0,0.002250225,0.00180018,0,0
National,X,1998,46,2051,0.390054,0,0,4,0,0,0,4,0,0,0,0,0.001950268,0,0,0,0.001950268,0,0
National,X,1998,47,1809,0.939746,0,0,5,4,0,4,8,0,0,0,0,0.002763958,0.002211166,0,0.002211166,0.004422333,0,0
National,X,1998,48,2397,1.16813,0,0,11,6,0,6,11,0,0,0,0,0.00458907,0.002503129,0,0.002503129,0.00458907,0,0
National,X,1998,49,2432,1.85033,0,0,9,15,0,15,21,0,0,0,0,0.003700658,0.006167763,0,0.006167763,0.008634868,0,0
National,X,1998,50,2428,1.72982,0,1,12,15,0,15,14,0,0,0,0.000411862,0.004942339,0.006177924,0,0.006177924,0.005766063,0,0
National,X,1998,51,2207,3.76076,0,0,21,35,0,35,27,0,0,0,0,0.009515179,0.015858632,0,0.015858632,0.012233802,0,0
National,X,1998,52,2706,5.91279,0,1,47,81,0,81,31,0,0,0,0.000369549,0.01736881,0.029933481,0,0.029933481,0.011456024,0,0
National,X,1999,1,3524,9.39274,0,0,72,183,0,183,76,0,0,0,0,0.020431328,0.051929625,0,0.051929625,0.021566402,0,0
National,X,1999,2,3889,14.7596,0,1,151,311,0,311,111,0,0,0,0.000257136,0.038827462,0.079969144,0,0.079969144,0.028542042,0,0
National,X,1999,3,4262,20.2956,0,1,193,518,0,518,153,0,0,0,0.000234632,0.045283904,0.121539183,0,0.121539183,0.035898639,0,0
National,X,1999,4,5210,22.0729,0,1,222,658,0,658,269,0,0,0,0.000191939,0.042610365,0.126295585,0,0.126295585,0.051631478,0,0
National,X,1999,5,6143,27.3156,0,1,351,926,0,926,400,0,0,0,0.000162787,0.057138206,0.15074068,0,0.15074068,0.065114765,0,0
National,X,1999,6,6574,28.2933,0,2,317,1134,0,1134,407,0,0,0,0.000304229,0.048220262,0.172497718,0,0.172497718,0.061910557,0,0
National,X,1999,7,6723,25.5094,0,9,262,1065,0,1065,379,0,0,0,0.001338688,0.038970698,0.158411423,0,0.158411423,0.056373643,0,0
National,X,1999,8,6616,25.2267,0,1,250,1052,0,1052,366,0,0,0,0.000151149,0.037787183,0.159008464,0,0.159008464,0.055320435,0,0
National,X,1999,9,5933,23.3777,0,1,184,868,0,868,334,0,0,0,0.000168549,0.031012978,0.146300354,0,0.146300354,0.056295297,0,0
National,X,1999,10,4289,20.5875,0,2,137,528,0,528,216,0,0,0,0.000466309,0.031942178,0.123105619,0,0.123105619,0.05036139,0,0
National,X,1999,11,4014,15.6203,0,5,100,346,0,346,176,0,0,0,0.00124564,0.024912805,0.086198306,0,0.086198306,0.043846537,0,0
National,X,1999,12,3242,14.3122,0,1,78,264,0,264,121,0,0,0,0.000308452,0.024059223,0.081431215,0,0.081431215,0.03732264,0,0
National,X,1999,13,2712,8.25959,0,0,42,121,0,121,61,0,0,0,0,0.015486726,0.044616519,0,0.044616519,0.022492625,0,0
National,X,1999,14,2222,7.92079,0,1,27,110,0,110,38,0,0,0,0.000450045,0.012151215,0.04950495,0,0.04950495,0.01710171,0,0
National,X,1999,15,1721,6.44974,0,1,15,75,0,75,20,0,0,0,0.000581058,0.008715863,0.043579314,0,0.043579314,0.01162115,0,0
National,X,1999,16,1368,2.63158,0,0,11,17,0,17,8,0,0,0,0,0.008040936,0.012426901,0,0.012426901,0.005847953,0,0
National,X,1999,17,1108,2.52708,0,0,5,20,0,20,3,0,0,0,0,0.004512635,0.018050542,0,0.018050542,0.002707581,0,0
National,X,1999,18,982,1.73116,0,0,3,10,0,10,4,0,0,0,0,0.00305499,0.010183299,0,0.010183299,0.00407332,0,0
National,X,1999,19,801,1.1236,0,0,0,5,0,5,4,0,0,0,0,0,0.006242197,0,0.006242197,0.004993758,0,0
National,X,1999,20,618,1.13269,0,0,0,6,0,6,1,0,0,0,0,0,0.009708738,0,0.009708738,0.001618123,0,0
National,X,1999,21,239,2.92887,0,0,0,7,0,7,0,0,0,0,0,0,0.029288703,0,0.029288703,0,0,0
National,X,1999,22,97,1.03093,0,0,0,1,0,1,0,0,0,0,0,0,0.010309278,0,0.010309278,0,0,0
National,X,1999,23,20,0,0,0,0,0,0,0,0,0,0,0,0,0,0,0,0,0,0,0
National,X,1999,24,0,0,0,0,0,0,0,0,0,0,0,#DIV/0!,#DIV/0!,#DIV/0!,#DIV/0!,#DIV/0!,#DIV/0!,#DIV/0!,#DIV/0!,#DIV/0!
National,X,1999,25,0,0,0,0,0,0,0,0,0,0,0,#DIV/0!,#DIV/0!,#DIV/0!,#DIV/0!,#DIV/0!,#DIV/0!,#DIV/0!,#DIV/0!,#DIV/0!
National,X,1999,26,0,0,0,0,0,0,0,0,0,0,0,#DIV/0!,#DIV/0!,#DIV/0!,#DIV/0!,#DIV/0!,#DIV/0!,#DIV/0!,#DIV/0!,#DIV/0!
National,X,1999,27,0,0,0,0,0,0,0,0,0,0,0,#DIV/0!,#DIV/0!,#DIV/0!,#DIV/0!,#DIV/0!,#DIV/0!,#DIV/0!,#DIV/0!,#DIV/0!
National,X,1999,28,0,0,0,0,0,0,0,0,0,0,0,#DIV/0!,#DIV/0!,#DIV/0!,#DIV/0!,#DIV/0!,#DIV/0!,#DIV/0!,#DIV/0!,#DIV/0!
National,X,1999,29,0,0,0,0,0,0,0,0,0,0,0,#DIV/0!,#DIV/0!,#DIV/0!,#DIV/0!,#DIV/0!,#DIV/0!,#DIV/0!,#DIV/0!,#DIV/0!
National,X,1999,30,0,0,0,0,0,0,0,0,0,0,0,#DIV/0!,#DIV/0!,#DIV/0!,#DIV/0!,#DIV/0!,#DIV/0!,#DIV/0!,#DIV/0!,#DIV/0!
National,X,1999,31,0,0,0,0,0,0,0,0,0,0,0,#DIV/0!,#DIV/0!,#DIV/0!,#DIV/0!,#DIV/0!,#DIV/0!,#DIV/0!,#DIV/0!,#DIV/0!
National,X,1999,32,0,0,0,0,0,0,0,0,0,0,0,#DIV/0!,#DIV/0!,#DIV/0!,#DIV/0!,#DIV/0!,#DIV/0!,#DIV/0!,#DIV/0!,#DIV/0!
National,X,1999,33,0,0,0,0,0,0,0,0,0,0,0,#DIV/0!,#DIV/0!,#DIV/0!,#DIV/0!,#DIV/0!,#DIV/0!,#DIV/0!,#DIV/0!,#DIV/0!
National,X,1999,34,0,0,0,0,0,0,0,0,0,0,0,#DIV/0!,#DIV/0!,#DIV/0!,#DIV/0!,#DIV/0!,#DIV/0!,#DIV/0!,#DIV/0!,#DIV/0!
National,X,1999,35,0,0,0,0,0,0,0,0,0,0,0,#DIV/0!,#DIV/0!,#DIV/0!,#DIV/0!,#DIV/0!,#DIV/0!,#DIV/0!,#DIV/0!,#DIV/0!
National,X,1999,36,0,0,0,0,0,0,0,0,0,0,0,#DIV/0!,#DIV/0!,#DIV/0!,#DIV/0!,#DIV/0!,#DIV/0!,#DIV/0!,#DIV/0!,#DIV/0!
National,X,1999,37,0,0,0,0,0,0,0,0,0,0,0,#DIV/0!,#DIV/0!,#DIV/0!,#DIV/0!,#DIV/0!,#DIV/0!,#DIV/0!,#DIV/0!,#DIV/0!
National,X,1999,38,0,0,0,0,0,0,0,0,0,0,0,#DIV/0!,#DIV/0!,#DIV/0!,#DIV/0!,#DIV/0!,#DIV/0!,#DIV/0!,#DIV/0!,#DIV/0!
National,X,1999,39,0,0,0,0,0,0,0,0,0,0,0,#DIV/0!,#DIV/0!,#DIV/0!,#DIV/0!,#DIV/0!,#DIV/0!,#DIV/0!,#DIV/0!,#DIV/0!
National,X,1999,40,1687,1.06698,0,0,11,7,0,7,0,0,0,0,0,0.006520451,0.004149378,0,0.004149378,0,0,0
National,X,1999,41,1883,1.06213,0,0,10,9,0,9,1,0,0,0,0,0.005310674,0.004779607,0,0.004779607,0.000531067,0,0
National,X,1999,42,2097,2.2413,0,0,18,26,0,26,3,0,0,0,0,0.008583691,0.012398665,0,0.012398665,0.001430615,0,0
National,X,1999,43,2162,2.63645,0,0,31,26,0,26,0,0,0,0,0,0.014338575,0.012025902,0,0.012025902,0,0,0
National,X,1999,44,2454,3.91198,0,0,60,34,0,34,2,0,0,0,0,0.024449878,0.013854931,0,0.013854931,0.000814996,0,0
National,X,1999,45,2576,5.74534,0,0,82,66,0,66,0,0,0,0,0,0.031832298,0.025621118,0,0.025621118,0,0,0
National,X,1999,46,2862,8.07128,0,0,137,94,0,94,0,0,0,0,0,0.047868623,0.032844165,0,0.032844165,0,0,0
National,X,1999,47,2709,10.5574,0,0,131,154,0,154,1,0,0,0,0,0.048357327,0.056847545,0,0.056847545,0.00036914,0,0
National,X,1999,48,3845,13.7061,0,0,207,320,0,320,0,0,0,0,0,0.053836151,0.083224967,0,0.083224967,0,0,0
National,X,1999,49,4422,19.109,0,2,189,653,0,653,1,0,0,0,0.000452284,0.042740841,0.147670737,0,0.147670737,0.000226142,0,0
National,X,1999,50,5597,23.3339,0,1,284,1017,0,1017,4,0,0,0,0.000178667,0.050741469,0.181704485,0,0.181704485,0.000714669,0,0
National,X,1999,51,5575,30.9596,0,2,341,1382,0,1382,1,0,0,0,0.000358744,0.061165919,0.247892377,0,0.247892377,0.000179372,0,0
National,X,1999,52,7323,29.3732,0,3,376,1768,0,1768,4,0,0,0,0.000409668,0.051345077,0.241431107,0,0.241431107,0.000546224,0,0
National,X,2000,1,8423,24.9674,0,2,378,1722,0,1722,1,0,0,0,0.000237445,0.044877122,0.204440223,0,0.204440223,0.000118723,0,0
National,X,2000,2,7722,21.3028,0,0,464,1179,0,1179,2,0,0,0,0,0.06008806,0.152680653,0,0.152680653,0.000259,0,0
National,X,2000,3,6242,16.7254,0,2,302,737,0,737,3,0,0,0,0.00032041,0.048381929,0.118071131,0,0.118071131,0.000480615,0,0
National,X,2000,4,5482,12.6779,0,3,244,443,0,443,5,0,0,0,0.000547246,0.044509303,0.080809923,0,0.080809923,0.000912076,0,0
National,X,2000,5,4550,10.6593,0,10,153,321,0,321,1,0,0,0,0.002197802,0.033626374,0.070549451,0,0.070549451,0.00021978,0,0
National,X,2000,6,4059,10.1503,0,7,126,275,0,275,4,0,0,0,0.001724563,0.031042129,0.067750678,0,0.067750678,0.000985464,0,0
National,X,2000,7,3523,7.46523,0,10,69,178,0,178,6,0,0,0,0.00283849,0.01958558,0.050525121,0,0.050525121,0.001703094,0,0
National,X,2000,8,3142,6.36537,0,18,41,132,0,132,9,0,0,0,0.005728835,0.013049013,0.042011458,0,0.042011458,0.002864418,0,0
National,X,2000,9,2698,3.70645,0,9,26,60,0,60,5,0,0,0,0.003335804,0.009636768,0.022238695,0,0.022238695,0.001853225,0,0
National,X,2000,10,2195,3.41686,0,22,18,29,0,29,6,0,0,0,0.010022779,0.008200456,0.013211845,0,0.013211845,0.002733485,0,0
National,X,2000,11,1960,2.70408,0,19,7,22,0,22,5,0,0,0,0.009693878,0.003571429,0.01122449,0,0.01122449,0.00255102,0,0
National,X,2000,12,1879,1.75625,0,13,1,16,0,16,3,0,0,0,0.006918574,0.000532198,0.008515168,0,0.008515168,0.001596594,0,0
National,X,2000,13,1708,1.22951,0,7,3,8,0,8,3,0,0,0,0.004098361,0.00175644,0.004683841,0,0.004683841,0.00175644,0,0
National,X,2000,14,1506,1.26162,0,6,1,8,0,8,4,0,0,0,0.003984064,0.000664011,0.005312085,0,0.005312085,0.002656042,0,0
National,X,2000,15,1294,1.70015,0,9,0,8,0,8,5,0,0,0,0.006955178,0,0.00618238,0,0.00618238,0.003863988,0,0
National,X,2000,16,1212,1.89769,0,3,5,10,0,10,5,0,0,0,0.002475248,0.004125413,0.008250825,0,0.008250825,0.004125413,0,0
National,X,2000,17,1108,1.44404,0,3,0,9,0,9,4,0,0,0,0.002707581,0,0.008122744,0,0.008122744,0.003610108,0,0
National,X,2000,18,1061,0.942507,0,2,0,2,0,2,6,0,0,0,0.001885014,0,0.001885014,0,0.001885014,0.005655042,0,0
National,X,2000,19,947,0.211193,0,0,0,1,0,1,1,0,0,0,0,0,0.001055966,0,0.001055966,0.001055966,0,0
National,X,2000,20,865,0.231214,0,0,0,0,0,0,2,0,0,0,0,0,0,0,0,0.002312139,0,0
National,X,2000,21,772,0.777202,0,2,0,2,0,2,2,0,0,0,0.002590674,0,0.002590674,0,0.002590674,0.002590674,0,0
National,X,2000,22,620,0.483871,0,1,0,2,0,2,0,0,0,0,0.001612903,0,0.003225806,0,0.003225806,0,0,0
National,X,2000,23,666,0.45045,0,0,0,1,0,1,2,0,0,0,0,0,0.001501502,0,0.001501502,0.003003003,0,0
National,X,2000,24,680,0.147059,0,0,0,0,0,0,1,0,0,0,0,0,0,0,0,0.001470588,0,0
National,X,2000,25,565,0,0,0,0,0,0,0,0,0,0,0,0,0,0,0,0,0,0,0
National,X,2000,26,551,0.181488,0,0,0,0,0,0,1,0,0,0,0,0,0,0,0,0.001814882,0,0
National,X,2000,27,26,0,0,0,0,0,0,0,0,0,0,0,0,0,0,0,0,0,0,0
National,X,2000,28,41,0,0,0,0,0,0,0,0,0,0,0,0,0,0,0,0,0,0,0
National,X,2000,29,28,0,0,0,0,0,0,0,0,0,0,0,0,0,0,0,0,0,0,0
National,X,2000,30,5,0,0,0,0,0,0,0,0,0,0,0,0,0,0,0,0,0,0,0
National,X,2000,31,1,0,0,0,0,0,0,0,0,0,0,0,0,0,0,0,0,0,0,0
National,X,2000,32,0,0,0,0,0,0,0,0,0,0,0,#DIV/0!,#DIV/0!,#DIV/0!,#DIV/0!,#DIV/0!,#DIV/0!,#DIV/0!,#DIV/0!,#DIV/0!
National,X,2000,33,0,0,0,0,0,0,0,0,0,0,0,#DIV/0!,#DIV/0!,#DIV/0!,#DIV/0!,#DIV/0!,#DIV/0!,#DIV/0!,#DIV/0!,#DIV/0!
National,X,2000,34,0,0,0,0,0,0,0,0,0,0,0,#DIV/0!,#DIV/0!,#DIV/0!,#DIV/0!,#DIV/0!,#DIV/0!,#DIV/0!,#DIV/0!,#DIV/0!
National,X,2000,35,0,0,0,0,0,0,0,0,0,0,0,#DIV/0!,#DIV/0!,#DIV/0!,#DIV/0!,#DIV/0!,#DIV/0!,#DIV/0!,#DIV/0!,#DIV/0!
National,X,2000,36,0,0,0,0,0,0,0,0,0,0,0,#DIV/0!,#DIV/0!,#DIV/0!,#DIV/0!,#DIV/0!,#DIV/0!,#DIV/0!,#DIV/0!,#DIV/0!
National,X,2000,37,0,0,0,0,0,0,0,0,0,0,0,#DIV/0!,#DIV/0!,#DIV/0!,#DIV/0!,#DIV/0!,#DIV/0!,#DIV/0!,#DIV/0!,#DIV/0!
National,X,2000,38,0,0,0,0,0,0,0,0,0,0,0,#DIV/0!,#DIV/0!,#DIV/0!,#DIV/0!,#DIV/0!,#DIV/0!,#DIV/0!,#DIV/0!,#DIV/0!
National,X,2000,39,0,0,0,0,0,0,0,0,0,0,0,#DIV/0!,#DIV/0!,#DIV/0!,#DIV/0!,#DIV/0!,#DIV/0!,#DIV/0!,#DIV/0!,#DIV/0!
National,X,2000,40,1387,0.0720981,0,0,0,0,0,0,1,0,0,0,0,0,0,0,0,0.000720981,0,0
National,X,2000,41,1490,0.268456,0,2,0,2,0,2,0,0,0,0,0.001342282,0,0.001342282,0,0.001342282,0,0,0
National,X,2000,42,1691,0.236546,0,1,0,1,0,1,2,0,0,0,0.000591366,0,0.000591366,0,0.000591366,0.001182732,0,0
National,X,2000,43,1683,0.831848,0,7,3,2,0,2,2,0,0,0,0.004159239,0.001782531,0.001188354,0,0.001188354,0.001188354,0,0
National,X,2000,44,1964,0.814664,0,10,1,2,0,2,3,0,0,0,0.00509165,0.000509165,0.00101833,0,0.00101833,0.001527495,0,0
National,X,2000,45,1862,1.98711,0,24,1,5,0,5,7,0,0,0,0.012889366,0.000537057,0.002685285,0,0.002685285,0.003759398,0,0
National,X,2000,46,2183,1.96977,0,17,1,12,0,12,13,0,0,0,0.007787448,0.000458085,0.005497022,0,0.005497022,0.005955108,0,0
National,X,2000,47,2201,3.49841,0,20,2,31,0,31,24,0,0,0,0.009086779,0.000908678,0.014084507,0,0.014084507,0.010904134,0,0
National,X,2000,48,2505,3.91218,0,31,1,30,0,30,36,0,0,0,0.01237525,0.000399202,0.011976048,0,0.011976048,0.014371257,0,0
National,X,2000,49,2841,5.66702,0,51,3,66,0,66,41,0,0,0,0.017951426,0.001055966,0.023231257,0,0.023231257,0.014431538,0,0
National,X,2000,50,3275,6.90076,0,61,3,107,0,107,55,0,0,0,0.018625954,0.000916031,0.032671756,0,0.032671756,0.016793893,0,0
National,X,2000,51,3370,11.6914,0,114,2,175,0,175,103,0,0,0,0.033827893,0.000593472,0.051928783,0,0.051928783,0.030563798,0,0
National,X,2000,52,3310,13.8671,0,118,0,209,0,209,132,0,0,0,0.035649547,0,0.063141994,0,0.063141994,0.039879154,0,0
National,X,2001,1,3821,13.3735,0,147,5,192,0,192,167,0,0,0,0.038471604,0.001308558,0.050248626,0,0.050248626,0.043705836,0,0
National,X,2001,2,4563,17.7953,0,203,5,329,0,329,275,0,0,0,0.044488275,0.00109577,0.072101687,0,0.072101687,0.060267368,0,0
National,X,2001,3,5121,22.1051,0,257,2,500,0,500,373,0,0,0,0.050185511,0.000390549,0.09763718,0,0.09763718,0.072837336,0,0
National,X,2001,4,5729,23.2152,0,286,5,550,0,550,489,0,0,0,0.049921452,0.000872753,0.096002793,0,0.096002793,0.08535521,0,0
National,X,2001,5,5914,20.9334,0,258,1,455,0,455,524,0,0,0,0.043625296,0.00016909,0.076936084,0,0.076936084,0.088603314,0,0
National,X,2001,6,5619,18.9891,0,186,3,291,0,291,587,0,0,0,0.033101975,0.000533903,0.051788574,0,0.051788574,0.104466987,0,0
National,X,2001,7,4920,15.4268,0,101,4,184,0,184,470,0,0,0,0.020528455,0.000813008,0.037398374,0,0.037398374,0.095528455,0,0
National,X,2001,8,4571,13.9357,0,74,5,121,0,121,437,0,0,0,0.016189018,0.001093853,0.026471232,0,0.026471232,0.095602713,0,0
National,X,2001,9,4321,11.4557,0,41,7,70,0,70,377,0,0,0,0.009488544,0.001619995,0.016199954,0,0.016199954,0.087248322,0,0
National,X,2001,10,3793,7.19747,0,36,1,39,0,39,197,0,0,0,0.009491168,0.000263644,0.010282099,0,0.010282099,0.05193778,0,0
National,X,2001,11,3368,5.90855,0,24,2,21,0,21,152,0,0,0,0.007125891,0.000593824,0.006235154,0,0.006235154,0.045130641,0,0
National,X,2001,12,3132,5.77905,0,6,3,19,0,19,153,0,0,0,0.001915709,0.000957854,0.006066411,0,0.006066411,0.048850575,0,0
National,X,2001,13,2788,4.3759,0,16,1,9,0,9,96,0,0,0,0.005738881,0.00035868,0.003228121,0,0.003228121,0.034433286,0,0
National,X,2001,14,2386,3.26907,0,5,0,5,0,5,68,0,0,0,0.002095557,0,0.002095557,0,0.002095557,0.028499581,0,0
National,X,2001,15,2020,2.22772,0,0,1,7,0,7,37,0,0,0,0,0.00049505,0.003465347,0,0.003465347,0.018316832,0,0
National,X,2001,16,1825,2.57534,0,2,0,1,0,1,44,0,0,0,0.00109589,0,0.000547945,0,0.000547945,0.024109589,0,0
National,X,2001,17,1640,1.28049,0,0,0,0,0,0,21,0,0,0,0,0,0,0,0,0.012804878,0,0
National,X,2001,18,1528,0.589005,0,0,0,1,0,1,8,0,0,0,0,0,0.00065445,0,0.00065445,0.005235602,0,0
National,X,2001,19,1359,0.515085,0,0,0,1,0,1,6,0,0,0,0,0,0.000735835,0,0.000735835,0.004415011,0,0
National,X,2001,20,1317,0.683371,0,0,0,0,0,0,9,0,0,0,0,0,0,0,0,0.006833713,0,0
National,X,2001,21,1125,0.0888889,0,0,0,1,0,1,0,0,0,0,0,0,0.000888889,0,0.000888889,0,0,0
National,X,2001,22,977,0.204708,0,0,0,2,0,2,0,0,0,0,0,0,0.002047083,0,0.002047083,0,0,0
National,X,2001,23,523,0.191205,0,1,0,0,0,0,0,0,0,0,0.001912046,0,0,0,0,0,0,0
National,X,2001,24,38,2.63158,0,0,0,1,0,1,0,0,0,0,0,0,0.026315789,0,0.026315789,0,0,0
National,X,2001,25,50,0,0,0,0,0,0,0,0,0,0,0,0,0,0,0,0,0,0,0
National,X,2001,26,52,0,0,0,0,0,0,0,0,0,0,0,0,0,0,0,0,0,0,0
National,X,2001,27,23,0,0,0,0,0,0,0,0,0,0,0,0,0,0,0,0,0,0,0
National,X,2001,28,37,0,0,0,0,0,0,0,0,0,0,0,0,0,0,0,0,0,0,0
National,X,2001,29,22,0,0,0,0,0,0,0,0,0,0,0,0,0,0,0,0,0,0,0
National,X,2001,30,26,0,0,0,0,0,0,0,0,0,0,0,0,0,0,0,0,0,0,0
National,X,2001,31,24,0,0,0,0,0,0,0,0,0,0,0,0,0,0,0,0,0,0,0
National,X,2001,32,24,0,0,0,0,0,0,0,0,0,0,0,0,0,0,0,0,0,0,0
National,X,2001,33,43,0,0,0,0,0,0,0,0,0,0,0,0,0,0,0,0,0,0,0
National,X,2001,34,34,0,0,0,0,0,0,0,0,0,0,0,0,0,0,0,0,0,0,0
National,X,2001,35,16,0,0,0,0,0,0,0,0,0,0,0,0,0,0,0,0,0,0,0
National,X,2001,36,19,0,0,0,0,0,0,0,0,0,0,0,0,0,0,0,0,0,0,0
National,X,2001,37,9,0,0,0,0,0,0,0,0,0,0,0,0,0,0,0,0,0,0,0
National,X,2001,38,7,0,0,0,0,0,0,0,0,0,0,0,0,0,0,0,0,0,0,0
National,X,2001,39,0,0,0,0,0,0,0,0,0,0,0,#DIV/0!,#DIV/0!,#DIV/0!,#DIV/0!,#DIV/0!,#DIV/0!,#DIV/0!,#DIV/0!,#DIV/0!
National,X,2001,40,1154,0.693241,0,0,4,3,0,3,1,0,0,0,0,0.003466205,0.002599653,0,0.002599653,0.000866551,0,0
National,X,2001,41,1415,0.353357,0,0,2,3,0,3,0,0,0,0,0,0.001413428,0.002120141,0,0.002120141,0,0,0
National,X,2001,42,1468,0.544959,0,0,3,5,0,5,0,0,0,0,0,0.002043597,0.003405995,0,0.003405995,0,0,0
National,X,2001,43,1583,1.07391,0,0,9,8,0,8,0,0,0,0,0,0.005685407,0.005053696,0,0.005053696,0,0,0
National,X,2001,44,1704,0.762911,0,1,6,6,0,6,0,0,0,0,0.000586854,0.003521127,0.003521127,0,0.003521127,0,0,0
National,X,2001,45,1843,0.705372,0,0,12,1,0,1,0,0,0,0,0,0.006511123,0.000542594,0,0.000542594,0,0,0
National,X,2001,46,2096,2.19466,0,0,37,8,0,8,1,0,0,0,0,0.017652672,0.003816794,0,0.003816794,0.000477099,0,0
National,X,2001,47,2052,1.60819,0,0,25,5,0,5,3,0,0,0,0,0.012183236,0.002436647,0,0.002436647,0.001461988,0,0
National,X,2001,48,2401,3.08205,0,0,50,23,0,23,1,0,0,0,0,0.020824656,0.009579342,0,0.009579342,0.000416493,0,0
National,X,2001,49,2331,3.5607,0,1,34,43,0,43,5,0,0,0,0.000429,0.014586015,0.018447018,0,0.018447018,0.002145002,0,0
National,X,2001,50,2434,4.60148,0,2,39,69,0,69,2,0,0,0,0.000821693,0.016023007,0.028348398,0,0.028348398,0.000821693,0,0
National,X,2001,51,2915,5.7976,0,3,44,118,0,118,4,0,0,0,0.00102916,0.01509434,0.040480274,0,0.040480274,0.001372213,0,0
National,X,2001,52,2621,8.39374,0,0,51,168,0,168,1,0,0,0,0,0.019458222,0.064097673,0,0.064097673,0.000381534,0,0
National,X,2002,1,3531,9.74228,0,0,108,234,0,234,2,0,0,0,0,0.030586236,0.066270178,0,0.066270178,0.000566412,0,0
National,X,2002,2,3900,13.8462,0,0,144,390,0,390,6,0,0,0,0,0.036923077,0.1,0,0.1,0.001538462,0,0
National,X,2002,3,4696,19.7402,0,1,268,653,0,653,5,0,0,0,0.000212947,0.057069847,0.139054514,0,0.139054514,0.001064736,0,0
National,X,2002,4,5816,21.3721,0,4,387,840,0,840,12,0,0,0,0.000687758,0.066540578,0.144429161,0,0.144429161,0.002063274,0,0
National,X,2002,5,6466,22.7962,0,3,450,997,0,997,24,0,0,0,0.000463965,0.069594804,0.154191154,0,0.154191154,0.003711723,0,0
National,X,2002,6,7191,22.7924,0,6,613,1001,0,1001,19,0,0,0,0.000834376,0.085245446,0.13920178,0,0.13920178,0.002642192,0,0
National,X,2002,7,7572,23.8642,0,4,615,1160,0,1160,28,0,0,0,0.000528262,0.081220285,0.153195985,0,0.153195985,0.003697834,0,0
National,X,2002,8,7358,24.9117,0,11,538,1216,0,1216,68,0,0,0,0.001494971,0.073117695,0.1652623,0,0.1652623,0.009241642,0,0
National,X,2002,9,6217,22.921,0,8,384,947,0,947,86,0,0,0,0.001286794,0.061766125,0.152324272,0,0.152324272,0.013833038,0,0
National,X,2002,10,5368,21.1811,0,7,264,730,0,730,136,0,0,0,0.001304024,0.049180328,0.135991058,0,0.135991058,0.02533532,0,0
National,X,2002,11,4337,18.5151,0,6,156,475,0,475,166,0,0,0,0.001383445,0.035969564,0.109522712,0,0.109522712,0.038275306,0,0
National,X,2002,12,3763,15.1209,0,2,103,254,0,254,210,0,0,0,0.000531491,0.027371778,0.067499336,0,0.067499336,0.055806537,0,0
National,X,2002,13,3332,13.7455,0,3,44,127,0,127,284,0,0,0,0.00090036,0.013205282,0.038115246,0,0.038115246,0.085234094,0,0
National,X,2002,14,2660,12.406,0,3,20,72,0,72,235,0,0,0,0.00112782,0.007518797,0.027067669,0,0.027067669,0.088345865,0,0
National,X,2002,15,2329,10.863,0,4,17,40,0,40,192,0,0,0,0.001717475,0.00729927,0.017174753,0,0.017174753,0.082438815,0,0
National,X,2002,16,2001,13.0935,0,6,18,12,0,12,226,0,0,0,0.002998501,0.008995502,0.005997001,0,0.005997001,0.112943528,0,0
National,X,2002,17,1820,8.57143,0,1,9,8,0,8,138,0,0,0,0.000549451,0.004945055,0.004395604,0,0.004395604,0.075824176,0,0
National,X,2002,18,1643,10.2252,0,1,11,7,0,7,149,0,0,0,0.000608643,0.00669507,0.004260499,0,0.004260499,0.090687766,0,0
National,X,2002,19,1655,8.76133,0,1,0,4,0,4,140,0,0,0,0.00060423,0,0.002416918,0,0.002416918,0.084592145,0,0
National,X,2002,20,1467,5.99864,0,1,0,1,0,1,86,0,0,0,0.000681663,0,0.000681663,0,0.000681663,0.05862304,0,0
National,X,2002,21,1302,4.91551,0,0,0,3,0,3,61,0,0,0,0,0,0.002304147,0,0.002304147,0.046850998,0,0
National,X,2002,22,995,3.61809,0,0,0,2,0,2,34,0,0,0,0,0,0.00201005,0,0.00201005,0.034170854,0,0
National,X,2002,23,948,2.74262,0,0,0,1,0,1,25,0,0,0,0,0,0.001054852,0,0.001054852,0.026371308,0,0
National,X,2002,24,850,0.823529,0,0,0,0,0,0,7,0,0,0,0,0,0,0,0,0.008235294,0,0
National,X,2002,25,692,0.289017,0,0,0,0,0,0,2,0,0,0,0,0,0,0,0,0.002890173,0,0
National,X,2002,26,700,0.571429,0,0,0,0,0,0,4,0,0,0,0,0,0,0,0,0.005714286,0,0
National,X,2002,27,490,0.408163,0,0,0,0,0,0,2,0,0,0,0,0,0,0,0,0.004081633,0,0
National,X,2002,28,591,0.169205,0,0,0,0,0,0,1,0,0,0,0,0,0,0,0,0.001692047,0,0
National,X,2002,29,578,0,0,0,0,0,0,0,0,0,0,0,0,0,0,0,0,0,0,0
National,X,2002,30,601,0.332779,0,0,0,1,0,1,1,0,0,0,0,0,0.001663894,0,0.001663894,0.001663894,0,0
National,X,2002,31,530,0,0,0,0,0,0,0,0,0,0,0,0,0,0,0,0,0,0,0
National,X,2002,32,566,0,0,0,0,0,0,0,0,0,0,0,0,0,0,0,0,0,0,0
National,X,2002,33,516,0,0,0,0,0,0,0,0,0,0,0,0,0,0,0,0,0,0,0
National,X,2002,34,533,0,0,0,0,0,0,0,0,0,0,0,0,0,0,0,0,0,0,0
National,X,2002,35,588,0.170068,0,0,0,0,0,0,1,0,0,0,0,0,0,0,0,0.00170068,0,0
National,X,2002,36,482,0,0,0,0,0,0,0,0,0,0,0,0,0,0,0,0,0,0,0
National,X,2002,37,561,0,0,0,0,0,0,0,0,0,0,0,0,0,0,0,0,0,0,0
National,X,2002,38,475,0.631579,0,0,1,1,0,1,1,0,0,0,0,0.002105263,0.002105263,0,0.002105263,0.002105263,0,0
National,X,2002,39,391,0.511509,0,0,0,0,0,0,2,0,0,0,0,0,0,0,0,0.00511509,0,0
National,X,2002,40,1443,0,0,0,0,0,0,0,0,0,0,0,0,0,0,0,0,0,0,0
National,X,2002,41,1517,0.197759,0,1,0,1,0,1,1,0,0,0,0.000659196,0,0.000659196,0,0.000659196,0.000659196,0,0
National,X,2002,42,1590,0,0,0,0,0,0,0,0,0,0,0,0,0,0,0,0,0,0,0
National,X,2002,43,1774,0.338219,0,4,0,1,0,1,1,0,0,0,0.002254791,0,0.000563698,0,0.000563698,0.000563698,0,0
National,X,2002,44,1636,0.366748,0,0,0,3,0,3,3,0,0,0,0,0,0.001833741,0,0.001833741,0.001833741,0,0
National,X,2002,45,1988,0.251509,0,0,2,0,0,0,3,0,0,0,0,0.001006036,0,0,0,0.001509054,0,0
National,X,2002,46,2107,0.474608,0,0,0,6,0,6,4,0,0,0,0,0,0.002847651,0,0.002847651,0.001898434,0,0
National,X,2002,47,2091,1.05213,0,2,0,4,0,4,16,0,0,0,0.00095648,0,0.00191296,0,0.00191296,0.007651841,0,0
National,X,2002,48,1900,0.789474,0,1,3,5,0,5,6,0,0,0,0.000526316,0.001578947,0.002631579,0,0.002631579,0.003157895,0,0
National,X,2002,49,2414,1.657,0,4,3,5,0,5,28,0,0,0,0.001657001,0.001242751,0.002071251,0,0.002071251,0.011599006,0,0
National,X,2002,50,2493,3.89089,0,8,2,14,0,14,73,0,0,0,0.003208985,0.000802246,0.005615724,0,0.005615724,0.02928199,0,0
National,X,2002,51,2910,6.56357,0,17,3,25,0,25,146,0,0,0,0.005841924,0.001030928,0.008591065,0,0.008591065,0.050171821,0,0
National,X,2002,52,2368,6.75676,0,17,6,18,0,18,119,0,0,0,0.007179054,0.002533784,0.007601351,0,0.007601351,0.050253378,0,0
National,X,2003,1,2632,5.6231,0,27,8,31,0,31,82,0,0,0,0.010258359,0.003039514,0.011778116,0,0.011778116,0.031155015,0,0
National,X,2003,2,2828,8.80481,0,50,19,46,0,46,134,0,0,0,0.017680339,0.006718529,0.016265912,0,0.016265912,0.04738331,0,0
National,X,2003,3,3108,11.4865,0,68,11,76,0,76,202,0,0,0,0.021879022,0.003539254,0.024453024,0,0.024453024,0.064993565,0,0
National,X,2003,4,3352,16.3186,0,105,24,142,0,142,276,0,0,0,0.031324582,0.007159905,0.042362768,0,0.042362768,0.082338902,0,0
National,X,2003,5,4166,20.4993,0,173,53,215,0,215,413,0,0,0,0.041526644,0.012722036,0.051608257,0,0.051608257,0.099135862,0,0
National,X,2003,6,4874,26.3644,0,279,76,332,0,332,598,0,0,0,0.057242511,0.015592942,0.068116537,0,0.068116537,0.122691834,0,0
National,X,2003,7,4676,25.3208,0,253,115,299,0,299,517,0,0,0,0.054106074,0.02459367,0.063943541,0,0.063943541,0.110564585,0,0
National,X,2003,8,4416,22.5543,0,253,126,249,0,249,368,0,0,0,0.057291667,0.028532609,0.05638587,0,0.05638587,0.083333333,0,0
National,X,2003,9,4348,22.2171,0,275,101,233,0,233,357,0,0,0,0.06324747,0.023229071,0.053587856,0,0.053587856,0.082106716,0,0
National,X,2003,10,3633,18.6898,0,199,87,179,0,179,214,0,0,0,0.054775667,0.023947151,0.049270575,0,0.049270575,0.058904487,0,0
National,X,2003,11,3422,17.1245,0,175,62,174,0,174,175,0,0,0,0.051139684,0.01811806,0.050847458,0,0.050847458,0.051139684,0,0
National,X,2003,12,3435,14.6434,0,169,77,133,0,133,124,0,0,0,0.049199418,0.022416303,0.038719068,0,0.038719068,0.036098981,0,0
National,X,2003,13,2820,9.96454,0,90,29,91,0,91,71,0,0,0,0.031914894,0.010283688,0.032269504,0,0.032269504,0.025177305,0,0
National,X,2003,14,2352,8.54592,0,40,32,88,0,88,41,0,0,0,0.017006803,0.013605442,0.037414966,0,0.037414966,0.017431973,0,0
National,X,2003,15,2131,5.1619,0,24,23,47,0,47,16,0,0,0,0.011262318,0.010793055,0.022055373,0,0.022055373,0.007508212,0,0
National,X,2003,16,1777,5.00844,0,13,20,33,0,33,23,0,0,0,0.007315701,0.011254924,0.018570625,0,0.018570625,0.012943163,0,0
National,X,2003,17,1406,4.12518,0,9,20,18,0,18,11,0,0,0,0.006401138,0.014224751,0.012802276,0,0.012802276,0.007823613,0,0
National,X,2003,18,1222,5.56465,0,16,16,16,0,16,20,0,0,0,0.01309329,0.01309329,0.01309329,0,0.01309329,0.016366612,0,0
National,X,2003,19,1121,2.49777,0,6,7,5,0,5,10,0,0,0,0.005352364,0.006244425,0.004460303,0,0.004460303,0.008920607,0,0
National,X,2003,20,931,2.04082,0,7,3,3,0,3,6,0,0,0,0.007518797,0.003222342,0.003222342,0,0.003222342,0.006444683,0,0
National,X,2003,21,872,1.83486,0,3,5,1,0,1,7,0,0,0,0.003440367,0.005733945,0.001146789,0,0.001146789,0.008027523,0,0
National,X,2003,22,705,0.851064,0,0,2,0,0,0,4,0,0,0,0,0.002836879,0,0,0,0.005673759,0,0
National,X,2003,23,721,1.80305,0,3,0,2,0,2,8,0,0,0,0.004160888,0,0.002773925,0,0.002773925,0.0110957,0,0
National,X,2003,24,683,1.02489,0,0,3,0,0,0,4,0,0,0,0,0.004392387,0,0,0,0.005856515,0,0
National,X,2003,25,551,0.725953,0,0,1,1,0,1,2,0,0,0,0,0.001814882,0.001814882,0,0.001814882,0.003629764,0,0
National,X,2003,26,439,0.455581,0,1,1,0,0,0,0,0,0,0,0.002277904,0.002277904,0,0,0,0,0,0
National,X,2003,27,643,0.155521,0,0,1,0,0,0,0,0,0,0,0,0.00155521,0,0,0,0,0,0
National,X,2003,28,632,0.474684,0,0,2,1,0,1,0,0,0,0,0,0.003164557,0.001582278,0,0.001582278,0,0,0
National,X,2003,29,697,0.573888,0,0,4,0,0,0,0,0,0,0,0,0.005738881,0,0,0,0,0,0
National,X,2003,30,636,0.628931,0,0,4,0,0,0,0,0,0,0,0,0.006289308,0,0,0,0,0,0
National,X,2003,31,632,1.26582,0,0,7,0,0,0,1,0,0,0,0,0.011075949,0,0,0,0.001582278,0,0
National,X,2003,32,632,0.316456,0,0,2,0,0,0,0,0,0,0,0,0.003164557,0,0,0,0,0,0
National,X,2003,33,761,0.394218,0,0,2,1,0,1,0,0,0,0,0,0.002628121,0.00131406,0,0.00131406,0,0,0
National,X,2003,34,649,0,0,0,0,0,0,0,0,0,0,0,0,0,0,0,0,0,0,0
National,X,2003,35,672,0,0,0,0,0,0,0,0,0,0,0,0,0,0,0,0,0,0,0
National,X,2003,36,512,0.390625,0,0,0,2,0,2,0,0,0,0,0,0,0.00390625,0,0.00390625,0,0,0
National,X,2003,37,604,0.165563,0,0,1,0,0,0,0,0,0,0,0,0.001655629,0,0,0,0,0,0
National,X,2003,38,535,0.373832,0,0,1,1,0,1,0,0,0,0,0,0.001869159,0.001869159,0,0.001869159,0,0,0
National,X,2003,39,414,0,0,0,0,0,0,0,0,0,0,0,0,0,0,0,0,0,0,0
National,X,2003,40,1430,1.53846,0,0,2,19,0,19,1,0,0,0,0,0.001398601,0.013286713,0,0.013286713,0.000699301,0,0
National,X,2003,41,1682,4.57788,0,0,3,74,0,74,0,0,0,0,0,0.001783591,0.043995244,0,0.043995244,0,0,0
National,X,2003,42,2176,11.6268,0,0,17,235,0,235,1,0,0,0,0,0.0078125,0.107996324,0,0.107996324,0.000459559,0,0
National,X,2003,43,2568,17.8349,0,0,56,398,0,398,4,0,0,0,0,0.021806854,0.154984424,0,0.154984424,0.001557632,0,0
National,X,2003,44,2753,19.4333,0,0,100,435,0,435,0,0,0,0,0,0.03632401,0.158009444,0,0.158009444,0,0,0
National,X,2003,45,3553,24.2612,0,1,273,585,0,585,3,0,0,0,0.000281452,0.076836476,0.164649592,0,0.164649592,0.000844357,0,0
National,X,2003,46,4595,28.0958,0,0,381,908,0,908,2,0,0,0,0,0.082916213,0.197606094,0,0.197606094,0.000435256,0,0
National,X,2003,47,5942,33.1202,0,0,585,1375,0,1375,8,0,0,0,0,0.0984517,0.231403568,0,0.231403568,0.001346348,0,0
National,X,2003,48,6479,34.743,0,0,489,1752,0,1752,10,0,0,0,0,0.07547461,0.270412101,0,0.270412101,0.001543448,0,0
National,X,2003,49,9598,34.0592,0,0,977,2260,0,2260,32,0,0,0,0,0.10179204,0.235465722,0,0.235465722,0.003334028,0,0
National,X,2003,50,12422,32.9255,0,0,1401,2660,0,2660,29,0,0,0,0,0.112783771,0.21413621,0,0.21413621,0.002334568,0,0
National,X,2003,51,11783,30.7986,0,0,1084,2525,0,2525,20,0,0,0,0,0.091996945,0.214291776,0,0.214291776,0.001697361,0,0
National,X,2003,52,9748,24.7333,0,0,569,1826,0,1826,16,0,0,0,0,0.058370948,0.187320476,0,0.187320476,0.001641362,0,0
National,X,2003,53,8461,20.104,0,0,463,1226,0,1226,12,0,0,0,0,0.054721664,0.14490013,0,0.14490013,0.001418272,0,0
National,X,2004,1,6936,12.4279,0,0,280,573,0,573,9,0,0,0,0,0.040369089,0.082612457,0,0.082612457,0.001297578,0,0
National,X,2004,2,5411,9.33284,0,0,169,331,0,331,5,0,0,0,0,0.031232674,0.061171687,0,0.061171687,0.000924044,0,0
National,X,2004,3,4329,6.00601,0,0,96,161,0,161,3,0,0,0,0,0.022176022,0.037191037,0,0.037191037,0.000693001,0,0
National,X,2004,4,4166,3.98464,0,0,93,70,0,70,3,0,0,0,0,0.022323572,0.016802688,0,0.016802688,0.000720115,0,0
National,X,2004,5,3661,2.9227,0,1,46,58,0,58,2,0,0,0,0.000273149,0.012564873,0.015842666,0,0.015842666,0.000546299,0,0
National,X,2004,6,3530,1.84136,0,0,24,36,0,36,5,0,0,0,0,0.006798867,0.0101983,0,0.0101983,0.001416431,0,0
National,X,2004,7,3136,1.78571,0,0,29,19,0,19,8,0,0,0,0,0.009247449,0.006058673,0,0.006058673,0.00255102,0,0
National,X,2004,8,2559,1.48496,0,0,16,10,0,10,12,0,0,0,0,0.006252442,0.003907776,0,0.003907776,0.004689332,0,0
National,X,2004,9,2651,0.678989,0,0,4,6,0,6,8,0,0,0,0,0.001508865,0.002263297,0,0.002263297,0.003017729,0,0
National,X,2004,10,2369,0.590967,0,0,2,6,0,6,6,0,0,0,0,0.000844238,0.002532714,0,0.002532714,0.002532714,0,0
National,X,2004,11,2239,0.580616,0,0,4,7,0,7,2,0,0,0,0,0.001786512,0.003126396,0,0.003126396,0.000893256,0,0
National,X,2004,12,1801,1.33259,0,0,5,4,0,4,15,0,0,0,0,0.002776235,0.002220988,0,0.002220988,0.008328706,0,0
National,X,2004,13,1850,0.918919,0,0,3,5,0,5,9,0,0,0,0,0.001621622,0.002702703,0,0.002702703,0.004864865,0,0
National,X,2004,14,1778,0.506187,0,0,0,1,0,1,8,0,0,0,0,0,0.00056243,0,0.00056243,0.004499438,0,0
National,X,2004,15,1564,0.959079,0,0,0,3,0,3,12,0,0,0,0,0,0.001918159,0,0.001918159,0.007672634,0,0
National,X,2004,16,1449,1.65631,0,0,2,11,0,11,11,0,0,0,0,0.001380262,0.007591442,0,0.007591442,0.007591442,0,0
National,X,2004,17,1377,0.798838,0,0,0,4,0,4,7,0,0,0,0,0,0.002904866,0,0.002904866,0.005083515,0,0
National,X,2004,18,1298,0.693374,0,0,0,3,0,3,6,0,0,0,0,0,0.002311248,0,0.002311248,0.004622496,0,0
National,X,2004,19,1241,0.16116,0,0,0,0,0,0,2,0,0,0,0,0,0,0,0,0.001611604,0,0
National,X,2004,20,1105,0.361991,0,0,0,1,0,1,3,0,0,0,0,0,0.000904977,0,0.000904977,0.002714932,0,0
National,X,2004,21,1055,0.56872,0,0,1,2,0,2,3,0,0,0,0,0.000947867,0.001895735,0,0.001895735,0.002843602,0,0
National,X,2004,22,823,0.72904,0,0,0,2,0,2,4,0,0,0,0,0,0.002430134,0,0.002430134,0.004860267,0,0
National,X,2004,23,793,0.37831,0,0,0,1,0,1,2,0,0,0,0,0,0.001261034,0,0.001261034,0.002522068,0,0
National,X,2004,24,844,0.236967,0,0,0,0,0,0,2,0,0,0,0,0,0,0,0,0.002369668,0,0
National,X,2004,25,741,0.404858,0,0,1,1,0,1,1,0,0,0,0,0.001349528,0.001349528,0,0.001349528,0.001349528,0,0
National,X,2004,26,730,0.410959,0,0,1,0,0,0,2,0,0,0,0,0.001369863,0,0,0,0.002739726,0,0
National,X,2004,27,573,0.17452,0,0,0,0,0,0,1,0,0,0,0,0,0,0,0,0.001745201,0,0
National,X,2004,28,746,0.268097,0,0,0,0,0,0,2,0,0,0,0,0,0,0,0,0.002680965,0,0
National,X,2004,29,563,0.35524,0,0,0,0,0,0,2,0,0,0,0,0,0,0,0,0.003552398,0,0
National,X,2004,30,671,0,0,0,0,0,0,0,0,0,0,0,0,0,0,0,0,0,0,0
National,X,2004,31,628,0.318471,0,0,1,0,0,0,1,0,0,0,0,0.001592357,0,0,0,0.001592357,0,0
National,X,2004,32,620,0.16129,0,0,1,0,0,0,0,0,0,0,0,0.001612903,0,0,0,0,0,0
National,X,2004,33,647,0.15456,0,0,0,0,0,0,1,0,0,0,0,0,0,0,0,0.001545595,0,0
National,X,2004,34,823,0.486027,0,0,0,3,0,3,1,0,0,0,0,0,0.0036452,0,0.0036452,0.001215067,0,0
National,X,2004,35,827,0.483676,0,0,4,0,0,0,0,0,0,0,0,0.004836759,0,0,0,0,0,0
National,X,2004,36,822,0.364964,0,0,0,0,0,0,3,0,0,0,0,0,0,0,0,0.003649635,0,0
National,X,2004,37,907,0.771775,0,0,1,4,0,4,2,0,0,0,0,0.001102536,0.004410143,0,0.004410143,0.002205072,0,0
National,X,2004,38,890,0.449438,0,0,2,1,0,1,1,0,0,0,0,0.002247191,0.001123596,0,0.001123596,0.001123596,0,0
National,X,2004,39,919,1.52339,0,0,4,8,0,8,2,0,0,0,0,0.004352557,0.008705114,0,0.008705114,0.002176279,0,0
National,X,2004,40,1860,0.645161,0,0,5,3,0,3,4,0,0,0,0,0.002688172,0.001612903,0,0.001612903,0.002150538,0,0
National,X,2004,41,2154,0.649954,0,0,10,3,0,3,1,0,0,0,0,0.004642526,0.001392758,0,0.001392758,0.000464253,0,0
National,X,2004,42,2412,1.61692,0,0,16,12,0,12,11,0,0,0,0,0.006633499,0.004975124,0,0.004975124,0.004560531,0,0
National,X,2004,43,2620,1.22137,0,0,13,12,0,12,7,0,0,0,0,0.004961832,0.004580153,0,0.004580153,0.002671756,0,0
National,X,2004,44,2771,1.62396,0,0,19,10,0,10,16,0,0,0,0,0.00685673,0.003608805,0,0.003608805,0.005774089,0,0
National,X,2004,45,3074,2.01692,0,0,28,10,0,10,24,0,0,0,0,0.009108653,0.00325309,0,0.00325309,0.007807417,0,0
National,X,2004,46,3310,2.77946,0,0,41,30,0,30,21,0,0,0,0,0.012386707,0.009063444,0,0.009063444,0.006344411,0,0
National,X,2004,47,3111,1.96078,0,0,18,22,0,22,21,0,0,0,0,0.005785921,0.007071681,0,0.007071681,0.006750241,0,0
National,X,2004,48,3826,3.58076,0,0,65,40,0,40,32,0,0,0,0,0.016989022,0.010454783,0,0.010454783,0.008363826,0,0
National,X,2004,49,3846,5.0182,0,0,88,73,0,73,32,0,0,0,0,0.022880915,0.018980759,0,0.018980759,0.008320333,0,0
National,X,2004,50,4359,6.56114,0,1,114,126,0,126,45,0,0,0,0.00022941,0.026152787,0.028905712,0,0.028905712,0.010323469,0,0
National,X,2004,51,4509,11.7764,0,1,186,290,0,290,54,0,0,0,0.000221779,0.041250832,0.064315813,0,0.064315813,0.011976048,0,0
National,X,2004,52,5807,16.7556,0,0,340,510,0,510,123,0,0,0,0,0.058550026,0.087825039,0,0.087825039,0.021181333,0,0
National,X,2005,1,6921,18.5667,0,2,405,712,0,712,166,0,0,0,0.000288976,0.058517555,0.102875307,0,0.102875307,0.023984973,0,0
National,X,2005,2,6646,16.9425,0,2,308,634,0,634,182,0,0,0,0.000300933,0.046343665,0.095395727,0,0.095395727,0.027384893,0,0
National,X,2005,3,6948,21.3443,0,2,377,892,0,892,212,0,0,0,0.000287853,0.054260219,0.128382268,0,0.128382268,0.030512378,0,0
National,X,2005,4,8010,23.2959,0,1,514,1045,0,1045,306,0,0,0,0.000124844,0.064169788,0.130461923,0,0.130461923,0.038202247,0,0
National,X,2005,5,8654,26.8662,0,0,687,1214,0,1214,424,0,0,0,0,0.079385255,0.140281951,0,0.140281951,0.048994685,0,0
National,X,2005,6,9684,26.5489,0,2,640,1451,0,1451,478,0,0,0,0.000206526,0.066088393,0.149834779,0,0.149834779,0.049359769,0,0
National,X,2005,7,10586,25.5526,0,2,692,1398,0,1398,613,0,0,0,0.000188929,0.065369356,0.132061213,0,0.132061213,0.057906669,0,0
National,X,2005,8,9710,23.4604,0,1,524,1135,0,1135,618,0,0,0,0.000102987,0.053964985,0.116889804,0,0.116889804,0.063645726,0,0
National,X,2005,9,8511,19.9507,0,0,228,950,0,950,520,0,0,0,0,0.026788861,0.111620256,0,0.111620256,0.061097403,0,0
National,X,2005,10,7580,16.0422,0,0,163,635,0,635,418,0,0,0,0,0.021503958,0.083773087,0,0.083773087,0.055145119,0,0
National,X,2005,11,6540,16.9419,0,0,148,489,0,489,471,0,0,0,0,0.022629969,0.074770642,0,0.074770642,0.072018349,0,0
National,X,2005,12,5928,14.6592,0,0,103,303,0,303,463,0,0,0,0,0.017375169,0.05111336,0,0.05111336,0.078103914,0,0
National,X,2005,13,5134,11.044,0,3,54,167,0,167,343,0,0,0,0.00058434,0.010518115,0.032528243,0,0.032528243,0.066809505,0,0
National,X,2005,14,3894,9.11659,0,0,47,96,0,96,212,0,0,0,0,0.012069851,0.024653313,0,0.024653313,0.054442732,0,0
National,X,2005,15,3339,5.27104,0,0,14,39,0,39,123,0,0,0,0,0.004192872,0.011680144,0,0.011680144,0.036837376,0,0
National,X,2005,16,2933,4.19366,0,1,21,26,0,26,75,0,0,0,0.000340948,0.007159905,0.008864644,0,0.008864644,0.025571088,0,0
National,X,2005,17,2570,2.68482,0,0,12,15,0,15,42,0,0,0,0,0.004669261,0.005836576,0,0.005836576,0.016342412,0,0
National,X,2005,18,2250,2.26667,0,0,10,8,0,8,33,0,0,0,0,0.004444444,0.003555556,0,0.003555556,0.014666667,0,0
National,X,2005,19,2136,1.73221,0,0,13,5,0,5,19,0,0,0,0,0.006086142,0.002340824,0,0.002340824,0.008895131,0,0
National,X,2005,20,1889,2.06458,0,0,20,3,0,3,16,0,0,0,0,0.010587612,0.001588142,0,0.001588142,0.00847009,0,0
National,X,2005,21,1809,1.71365,0,0,9,3,0,3,19,0,0,0,0,0.004975124,0.001658375,0,0.001658375,0.01050304,0,0
National,X,2005,22,1682,1.36742,0,0,5,3,0,3,15,0,0,0,0,0.002972652,0.001783591,0,0.001783591,0.008917955,0,0
National,X,2005,23,1576,0.761421,0,0,4,0,0,0,8,0,0,0,0,0.002538071,0,0,0,0.005076142,0,0
National,X,2005,24,1514,0.990753,0,0,3,2,0,2,10,0,0,0,0,0.001981506,0.001321004,0,0.001321004,0.00660502,0,0
National,X,2005,25,1229,0.895037,0,0,5,1,0,1,5,0,0,0,0,0.004068348,0.00081367,0,0.00081367,0.004068348,0,0
National,X,2005,26,1215,0.576132,0,0,0,6,0,6,1,0,0,0,0,0,0.004938272,0,0.004938272,0.000823045,0,0
National,X,2005,27,1073,0.465983,0,0,1,0,0,0,4,0,0,0,0,0.000931966,0,0,0,0.003727866,0,0
National,X,2005,28,991,0.201816,0,0,0,0,0,0,2,0,0,0,0,0,0,0,0,0.002018163,0,0
National,X,2005,29,983,0.305188,0,0,0,1,0,1,2,0,0,0,0,0,0.001017294,0,0.001017294,0.002034588,0,0
National,X,2005,30,1124,0.177936,0,0,1,0,0,0,1,0,0,0,0,0.00088968,0,0,0,0.00088968,0,0
National,X,2005,31,1018,0,0,0,0,0,0,0,0,0,0,0,0,0,0,0,0,0,0,0
National,X,2005,32,964,0.414938,0,0,3,1,0,1,0,0,0,0,0,0.003112033,0.001037344,0,0.001037344,0,0,0
National,X,2005,33,989,0.606673,0,1,0,5,0,5,0,0,0,0,0.001011122,0,0.005055612,0,0.005055612,0,0,0
National,X,2005,34,1016,0.393701,0,0,2,2,0,2,0,0,0,0,0,0.001968504,0.001968504,0,0.001968504,0,0,0
National,X,2005,35,1054,0.56926,0,0,2,3,0,3,1,0,0,0,0,0.001897533,0.0028463,0,0.0028463,0.000948767,0,0
National,X,2005,36,1031,0.0969932,0,0,1,0,0,0,0,0,0,0,0,0.000969932,0,0,0,0,0,0
National,X,2005,37,1099,0.454959,0,0,4,0,0,0,1,0,0,0,0,0.003639672,0,0,0,0.000909918,0,0
National,X,2005,38,1280,0.15625,0,0,2,0,0,0,0,0,0,0,0,0.0015625,0,0,0,0,0,0
National,X,2005,39,1421,0.492611,0,0,2,4,0,4,1,0,0,0,0,0.00140746,0.002814919,0,0.002814919,0.00070373,0,0
National,X,2005,40,1894,0.580781,0,0,6,4,0,4,1,0,0,0,0,0.003167899,0.002111932,0,0.002111932,0.000527983,0,0
National,X,2005,41,2191,0.547695,0,0,6,4,0,4,2,0,0,0,0,0.002738476,0.00182565,0,0.00182565,0.000912825,0,0
National,X,2005,42,2349,1.06428,0,0,12,8,0,8,5,0,0,0,0,0.005108557,0.003405705,0,0.003405705,0.002128565,0,0
National,X,2005,43,2780,0.503597,0,0,6,6,0,6,2,0,0,0,0,0.002158273,0.002158273,0,0.002158273,0.000719424,0,0
National,X,2005,44,2890,0.795848,0,0,13,7,0,7,3,0,0,0,0,0.00449827,0.002422145,0,0.002422145,0.001038062,0,0
National,X,2005,45,3320,1.29518,0,1,21,14,0,14,7,0,0,0,0.000301205,0.006325301,0.004216867,0,0.004216867,0.002108434,0,0
National,X,2005,46,3861,1.2173,0,2,18,23,0,23,4,0,0,0,0.000518001,0.004662005,0.005957006,0,0.005957006,0.001036001,0,0
National,X,2005,47,3268,1.59119,0,0,19,30,0,30,3,0,0,0,0,0.005813953,0.009179927,0,0.009179927,0.000917993,0,0
National,X,2005,48,4056,2.85996,0,1,57,56,0,56,2,0,0,0,0.000246548,0.014053254,0.013806706,0,0.013806706,0.000493097,0,0
National,X,2005,49,3863,5.53974,0,1,126,79,0,79,8,0,0,0,0.000258866,0.032617137,0.020450427,0,0.020450427,0.002070929,0,0
National,X,2005,50,4618,8.6401,0,0,269,125,0,125,5,0,0,0,0,0.058250325,0.027067995,0,0.027067995,0.00108272,0,0
National,X,2005,51,5418,12.7538,0,1,296,383,0,383,11,0,0,0,0.00018457,0.054632706,0.070690292,0,0.070690292,0.002030269,0,0
National,X,2005,52,5829,13.4843,0,2,336,425,0,425,23,0,0,0,0.000343112,0.05764282,0.072911306,0,0.072911306,0.003945788,0,0
National,X,2006,1,6417,11.7189,0,1,259,468,0,468,24,0,0,0,0.000155836,0.04036154,0.072931276,0,0.072931276,0.003740065,0,0
National,X,2006,2,6378,13.2173,0,4,297,520,0,520,22,0,0,0,0.000627156,0.046566322,0.08153026,0,0.08153026,0.003449357,0,0
National,X,2006,3,6255,14.1167,0,4,285,565,0,565,29,0,0,0,0.000639488,0.045563549,0.090327738,0,0.090327738,0.004636291,0,0
National,X,2006,4,6732,15.7308,0,4,308,714,0,714,33,0,0,0,0.000594177,0.045751634,0.106060606,0,0.106060606,0.004901961,0,0
National,X,2006,5,7029,16.688,0,6,314,779,0,779,74,0,0,0,0.000853606,0.044672073,0.110826576,0,0.110826576,0.010527813,0,0
National,X,2006,6,7226,17.9491,0,9,321,825,0,825,142,0,0,0,0.001245502,0.044422917,0.114171049,0,0.114171049,0.019651259,0,0
National,X,2006,7,8105,19.5682,0,17,372,1013,0,1013,184,0,0,0,0.002097471,0.045897594,0.124984577,0,0.124984577,0.022702036,0,0
National,X,2006,8,7948,20.4454,0,16,364,1003,0,1003,242,0,0,0,0.002013085,0.045797685,0.126195269,0,0.126195269,0.030447911,0,0
National,X,2006,9,7978,22.5871,0,29,435,942,0,942,396,0,0,0,0.003634996,0.054524944,0.118074705,0,0.118074705,0.0496365,0,0
National,X,2006,10,7819,22.4325,0,54,411,881,0,881,408,0,0,0,0.006906254,0.052564267,0.112674255,0,0.112674255,0.052180586,0,0
National,X,2006,11,6995,19.7427,0,40,276,624,0,624,441,0,0,0,0.00571837,0.039456755,0.089206576,0,0.089206576,0.063045032,0,0
National,X,2006,12,6444,18.4668,0,79,181,498,0,498,432,0,0,0,0.012259466,0.028088144,0.077281192,0,0.077281192,0.067039106,0,0
National,X,2006,13,5424,17.9757,0,63,134,340,0,340,438,0,0,0,0.011615044,0.024705015,0.062684366,0,0.062684366,0.080752212,0,0
National,X,2006,14,4459,13.5681,0,38,53,202,0,202,312,0,0,0,0.00852209,0.011886073,0.045301637,0,0.045301637,0.069970845,0,0
National,X,2006,15,4032,11.3591,0,24,51,142,0,142,241,0,0,0,0.005952381,0.01264881,0.035218254,0,0.035218254,0.059771825,0,0
National,X,2006,16,3499,9.88854,0,24,30,74,0,74,218,0,0,0,0.006859103,0.008573878,0.0211489,0,0.0211489,0.062303515,0,0
National,X,2006,17,2675,7.47664,0,10,2,53,0,53,135,0,0,0,0.003738318,0.000747664,0.019813084,0,0.019813084,0.05046729,0,0
National,X,2006,18,2516,7.7504,0,7,7,53,0,53,128,0,0,0,0.002782194,0.002782194,0.021065183,0,0.021065183,0.050874404,0,0
National,X,2006,19,2453,7.21565,0,12,0,49,0,49,116,0,0,0,0.004891969,0,0.01997554,0,0.01997554,0.047289034,0,0
National,X,2006,20,2399,5.62734,0,6,1,41,0,41,87,0,0,0,0.002501042,0.00041684,0.017090454,0,0.017090454,0.03626511,0,0
National,X,2006,21,2058,6.31681,0,9,0,28,0,28,93,0,0,0,0.004373178,0,0.013605442,0,0.013605442,0.045189504,0,0
National,X,2006,22,1663,4.69032,0,9,0,19,0,19,50,0,0,0,0.005411906,0,0.011425135,0,0.011425135,0.030066146,0,0
National,X,2006,23,1444,3.80886,0,9,0,8,0,8,38,0,0,0,0.006232687,0,0.005540166,0,0.005540166,0.026315789,0,0
National,X,2006,24,1267,1.97316,0,3,0,11,0,11,11,0,0,0,0.002367798,0,0.008681926,0,0.008681926,0.008681926,0,0
National,X,2006,25,1178,1.18846,0,2,0,2,0,2,10,0,0,0,0.001697793,0,0.001697793,0,0.001697793,0.008488964,0,0
National,X,2006,26,1017,1.17994,0,3,1,2,0,2,6,0,0,0,0.002949853,0.000983284,0.001966568,0,0.001966568,0.005899705,0,0
National,X,2006,27,907,0.882029,0,2,0,4,0,4,2,0,0,0,0.002205072,0,0.004410143,0,0.004410143,0.002205072,0,0
National,X,2006,28,914,0.765864,0,0,1,6,0,6,0,0,0,0,0,0.001094092,0.006564551,0,0.006564551,0,0,0
National,X,2006,29,917,1.19956,0,0,0,9,0,9,2,0,0,0,0,0,0.009814613,0,0.009814613,0.002181025,0,0
National,X,2006,30,863,1.96987,0,6,1,8,0,8,2,0,0,0,0.006952491,0.001158749,0.009269988,0,0.009269988,0.002317497,0,0
National,X,2006,31,943,2.12089,0,3,0,16,0,16,1,0,0,0,0.003181336,0,0.016967126,0,0.016967126,0.001060445,0,0
National,X,2006,32,899,1.33482,0,1,0,9,0,9,2,0,0,0,0.001112347,0,0.010011123,0,0.010011123,0.002224694,0,0
National,X,2006,33,862,1.39211,0,3,0,7,0,7,2,0,0,0,0.003480278,0,0.00812065,0,0.00812065,0.002320186,0,0
National,X,2006,34,898,1.67038,0,3,0,9,0,9,3,0,0,0,0.003340757,0,0.010022272,0,0.010022272,0.003340757,0,0
National,X,2006,35,907,1.87431,0,5,0,8,0,8,4,0,0,0,0.005512679,0,0.008820287,0,0.008820287,0.004410143,0,0
National,X,2006,36,881,1.4756,0,5,0,8,0,8,0,0,0,0,0.005675369,0,0.00908059,0,0.00908059,0,0,0
National,X,2006,37,1067,2.90534,0,13,0,17,0,17,1,0,0,0,0.012183693,0,0.015932521,0,0.015932521,0.000937207,0,0
National,X,2006,38,996,3.51406,0,22,0,11,0,11,2,0,0,0,0.022088353,0,0.011044177,0,0.011044177,0.002008032,0,0
National,X,2006,39,971,2.98661,0,13,0,13,0,13,3,0,0,0,0.01338826,0,0.01338826,0,0.01338826,0.003089598,0,0
National,X,2006,40,2309,2.42529,0,13,2,26,0,26,15,0,0,0,0.005630143,0.000866176,0.011260286,0,0.011260286,0.006496319,0,0
National,X,2006,41,2502,2.67786,0,20,1,37,0,37,9,0,0,0,0.007993605,0.00039968,0.014788169,0,0.014788169,0.003597122,0,0
National,X,2006,42,2900,2.75862,0,17,4,37,0,37,22,0,0,0,0.005862069,0.00137931,0.012758621,0,0.012758621,0.007586207,0,0
National,X,2006,43,3237,2.595,0,13,2,46,0,46,23,0,0,0,0.004016064,0.000617856,0.014210689,0,0.014210689,0.007105344,0,0
National,X,2006,44,3765,3.79814,0,25,1,75,0,75,42,0,0,0,0.006640106,0.000265604,0.019920319,0,0.019920319,0.011155378,0,0
National,X,2006,45,4262,3.63679,0,18,1,93,0,93,43,0,0,0,0.004223369,0.000234632,0.021820741,0,0.021820741,0.01008916,0,0
National,X,2006,46,4525,2.93923,0,25,2,74,0,74,32,0,0,0,0.005524862,0.000441989,0.016353591,0,0.016353591,0.007071823,0,0
National,X,2006,47,4538,3.54782,0,21,2,110,0,110,28,0,0,0,0.004627589,0.000440723,0.024239753,0,0.024239753,0.006170119,0,0
National,X,2006,48,5642,3.70436,0,43,1,111,0,111,54,0,0,0,0.007621411,0.000177242,0.019673875,0,0.019673875,0.009571074,0,0
National,X,2006,49,5805,4.5478,0,55,2,145,0,145,62,0,0,0,0.009474591,0.000344531,0.024978467,0,0.024978467,0.010680448,0,0
National,X,2006,50,6686,8.09153,0,106,9,306,0,306,120,0,0,0,0.015854023,0.001346096,0.045767275,0,0.045767275,0.017947951,0,0
National,X,2006,51,7083,10.2922,0,194,10,392,0,392,133,0,0,0,0.027389524,0.001411831,0.055343781,0,0.055343781,0.018777354,0,0
National,X,2006,52,6777,10.3881,0,201,14,366,0,366,123,0,0,0,0.029659141,0.002065811,0.054006197,0,0.054006197,0.018149624,0,0
National,X,2007,1,6711,6.97363,0,128,14,240,0,240,86,0,0,0,0.019073163,0.002086127,0.035762181,0,0.035762181,0.012814782,0,0
National,X,2007,2,6430,9.23795,0,180,35,293,0,293,86,0,0,0,0.027993779,0.005443235,0.045567652,0,0.045567652,0.013374806,0,0
National,X,2007,3,6200,11.5806,0,174,44,420,0,420,80,0,0,0,0.028064516,0.007096774,0.067741935,0,0.067741935,0.012903226,0,0
National,X,2007,4,7200,18.1944,0,310,86,760,0,760,154,0,0,0,0.043055556,0.011944444,0.105555556,0,0.105555556,0.021388889,0,0
National,X,2007,5,8261,22.3823,0,367,107,1172,0,1172,203,0,0,0,0.044425614,0.012952427,0.141871444,0,0.141871444,0.024573296,0,0
National,X,2007,6,8986,28.1772,0,497,133,1491,0,1491,411,0,0,0,0.055308257,0.014800801,0.165924772,0,0.165924772,0.045737814,0,0
National,X,2007,7,9780,25.7975,0,430,133,1544,0,1544,416,0,0,0,0.04396728,0.013599182,0.157873211,0,0.157873211,0.042535787,0,0
National,X,2007,8,9947,23.7961,0,297,156,1388,0,1388,526,0,0,0,0.029858249,0.015683121,0.13953956,0,0.13953956,0.052880265,0,0
National,X,2007,9,8634,22.5735,0,201,192,1006,0,1006,550,0,0,0,0.023280056,0.022237665,0.116516099,0,0.116516099,0.063701645,0,0
National,X,2007,10,7848,20.2472,0,169,199,751,0,751,470,0,0,0,0.021534149,0.025356779,0.09569317,0,0.09569317,0.05988787,0,0
National,X,2007,11,6928,19.5294,0,147,207,569,0,569,430,0,0,0,0.021218245,0.029878753,0.082130485,0,0.082130485,0.062066975,0,0
National,X,2007,12,6460,16.8731,0,65,165,491,0,491,369,0,0,0,0.01006192,0.025541796,0.076006192,0,0.076006192,0.057120743,0,0
National,X,2007,13,5558,13.7639,0,59,173,322,0,322,211,0,0,0,0.010615329,0.031126304,0.057934509,0,0.057934509,0.037963296,0,0
National,X,2007,14,4698,11.026,0,33,101,228,0,228,156,0,0,0,0.007024266,0.02149851,0.04853129,0,0.04853129,0.033205619,0,0
National,X,2007,15,4243,12.1376,0,31,186,158,0,158,140,0,0,0,0.007306151,0.043836908,0.037237803,0,0.037237803,0.032995522,0,0
National,X,2007,16,3857,9.67073,0,28,126,138,0,138,81,0,0,0,0.007259528,0.032667877,0.035779103,0,0.035779103,0.021000778,0,0
National,X,2007,17,3015,9.75124,0,21,119,86,0,86,68,0,0,0,0.006965174,0.03946932,0.028524046,0,0.028524046,0.022553897,0,0
National,X,2007,18,3006,6.75316,0,15,81,51,0,51,56,0,0,0,0.00499002,0.026946108,0.016966068,0,0.016966068,0.018629408,0,0
National,X,2007,19,2531,4.97827,0,7,38,43,0,43,38,0,0,0,0.002765705,0.015013829,0.016989332,0,0.016989332,0.015013829,0,0
National,X,2007,20,2341,3.92994,0,3,23,39,0,39,27,0,0,0,0.001281504,0.009824861,0.016659547,0,0.016659547,0.011533533,0,0
National,X,2007,21,1944,4.32099,0,4,32,34,0,34,14,0,0,0,0.002057613,0.016460905,0.017489712,0,0.017489712,0.007201646,0,0
National,X,2007,22,1696,1.76887,0,2,7,12,0,12,9,0,0,0,0.001179245,0.004127358,0.007075472,0,0.007075472,0.005306604,0,0
National,X,2007,23,1670,1.1976,0,1,5,10,0,10,4,0,0,0,0.000598802,0.002994012,0.005988024,0,0.005988024,0.00239521,0,0
National,X,2007,24,1529,1.70046,0,0,6,13,0,13,7,0,0,0,0,0.003924133,0.008502289,0,0.008502289,0.004578156,0,0
National,X,2007,25,1300,0.615385,0,3,1,2,0,2,2,0,0,0,0.002307692,0.000769231,0.001538462,0,0.001538462,0.001538462,0,0
National,X,2007,26,1278,1.17371,0,0,1,10,0,10,4,0,0,0,0,0.000782473,0.007824726,0,0.007824726,0.00312989,0,0
National,X,2007,27,1121,1.60571,0,2,3,8,0,8,5,0,0,0,0.001784121,0.002676182,0.007136485,0,0.007136485,0.004460303,0,0
National,X,2007,28,1195,1.92469,0,4,8,9,0,9,2,0,0,0,0.00334728,0.006694561,0.007531381,0,0.007531381,0.00167364,0,0
National,X,2007,29,1154,1.38648,0,4,3,8,0,8,1,0,0,0,0.003466205,0.002599653,0.006932409,0,0.006932409,0.000866551,0,0
National,X,2007,30,1165,3.17597,0,14,7,14,0,14,2,0,0,0,0.012017167,0.006008584,0.012017167,0,0.012017167,0.001716738,0,0
National,X,2007,31,1217,1.97206,0,2,6,14,0,14,2,0,0,0,0.001643385,0.004930156,0.011503698,0,0.011503698,0.001643385,0,0
National,X,2007,32,1157,2.93863,0,11,5,14,0,14,4,0,0,0,0.009507347,0.004321521,0.012100259,0,0.012100259,0.003457217,0,0
National,X,2007,33,1120,1.69643,0,7,2,10,0,10,0,0,0,0,0.00625,0.001785714,0.008928571,0,0.008928571,0,0,0
National,X,2007,34,1170,1.96581,0,1,0,21,0,21,1,0,0,0,0.000854701,0,0.017948718,0,0.017948718,0.000854701,0,0
National,X,2007,35,1204,2.49169,0,10,0,13,0,13,7,0,0,0,0.008305648,0,0.010797342,0,0.010797342,0.005813953,0,0
National,X,2007,36,1093,2.19579,0,10,0,14,0,14,0,0,0,0,0.009149131,0,0.012808783,0,0.012808783,0,0,0
National,X,2007,37,1228,2.443,0,14,1,8,0,8,7,0,0,0,0.011400651,0.000814332,0.006514658,0,0.006514658,0.005700326,0,0
National,X,2007,38,954,3.14465,0,11,1,15,0,15,3,0,0,0,0.011530398,0.001048218,0.01572327,0,0.01572327,0.003144654,0,0
National,X,2007,39,1052,1.90114,0,3,1,16,0,16,0,0,0,0,0.002851711,0.00095057,0.015209125,0,0.015209125,0,0,0
National,X,2007,40,2382,1.84719,0,17,2,20,0,20,5,0,0,0,0.00713686,0.000839631,0.008396306,0,0.008396306,0.002099076,0,0
National,X,2007,41,2534,1.73639,0,19,3,22,0,22,0,0,0,0,0.007498027,0.001183899,0.008681926,0,0.008681926,0,0,0
National,X,2007,42,2953,1.62547,0,16,2,28,0,28,2,0,0,0,0.005418219,0.000677277,0.009481883,0,0.009481883,0.000677277,0,0
National,X,2007,43,3179,1.57282,0,16,2,27,0,27,5,0,0,0,0.005033029,0.000629129,0.008493237,0,0.008493237,0.001572822,0,0
National,X,2007,44,3575,2.06993,0,10,0,53,0,53,11,0,0,0,0.002797203,0,0.014825175,0,0.014825175,0.003076923,0,0
National,X,2007,45,3797,2.23861,0,17,10,47,0,47,11,0,0,0,0.004477219,0.002633658,0.012378193,0,0.012378193,0.002897024,0,0
National,X,2007,46,4131,2.10603,0,24,6,55,0,55,2,0,0,0,0.005809731,0.001452433,0.013313968,0,0.013313968,0.000484144,0,0
National,X,2007,47,4040,3.46535,0,35,2,90,0,90,13,0,0,0,0.008663366,0.00049505,0.022277228,0,0.022277228,0.003217822,0,0
National,X,2007,48,4855,3.31617,0,49,12,86,0,86,14,0,0,0,0.010092688,0.002471679,0.017713697,0,0.017713697,0.002883625,0,0
National,X,2007,49,4909,3.66673,0,35,10,113,0,113,22,0,0,0,0.007129762,0.002037075,0.023018945,0,0.023018945,0.004481564,0,0
National,X,2007,50,5157,4.16909,0,50,22,117,0,117,26,0,0,0,0.009695559,0.004266046,0.022687609,0,0.022687609,0.005041691,0,0
National,X,2007,51,5877,5.34286,0,68,28,167,0,167,51,0,0,0,0.011570529,0.004764336,0.028415858,0,0.028415858,0.008677897,0,0
National,X,2007,52,6269,7.14628,0,77,26,259,0,259,86,0,0,0,0.012282661,0.004147392,0.041314404,0,0.041314404,0.013718296,0,0
National,X,2008,1,6829,8.55176,0,98,61,318,0,318,107,0,0,0,0.014350564,0.008932494,0.046566115,0,0.046566115,0.015668473,0,0
National,X,2008,2,7383,13.5853,0,166,145,529,0,529,163,0,0,0,0.022484085,0.019639713,0.07165109,0,0.07165109,0.022077746,0,0
National,X,2008,3,7814,16.8032,0,196,205,703,0,703,209,0,0,0,0.025083184,0.026234963,0.089966726,0,0.089966726,0.026746865,0,0
National,X,2008,4,9474,22.7148,0,210,385,1215,0,1215,342,0,0,0,0.022165928,0.040637534,0.128245725,0,0.128245725,0.036098797,0,0
National,X,2008,5,13459,28.4642,0,243,627,2301,0,2301,660,0,0,0,0.018054833,0.046585928,0.170963667,0,0.170963667,0.049037819,0,0
National,X,2008,6,15342,31.7494,0,265,841,2835,0,2835,930,0,0,0,0.017272846,0.054816843,0.18478686,0,0.18478686,0.060617912,0,0
National,X,2008,7,15171,31.8173,0,202,837,2703,0,2703,1085,0,0,0,0.013314877,0.05517105,0.178168875,0,0.178168875,0.071518028,0,0
National,X,2008,8,17359,30.3992,0,189,975,2730,0,2730,1383,0,0,0,0.010887724,0.05616683,0.157267124,0,0.157267124,0.079670488,0,0
National,X,2008,9,16097,27.6511,0,121,823,2095,0,2095,1412,0,0,0,0.007516929,0.051127539,0.130148475,0,0.130148475,0.087718208,0,0
National,X,2008,10,15181,23.6809,0,73,630,1505,0,1505,1387,0,0,0,0.004808642,0.041499242,0.099137079,0,0.099137079,0.091364205,0,0
National,X,2008,11,11648,22.0124,0,69,484,916,0,916,1095,0,0,0,0.005923764,0.041552198,0.07864011,0,0.07864011,0.094007555,0,0
National,X,2008,12,9498,20.3938,0,43,395,596,0,596,903,0,0,0,0.004527269,0.041587703,0.062750053,0,0.062750053,0.095072647,0,0
National,X,2008,13,7800,17.7821,0,13,178,419,0,419,777,0,0,0,0.001666667,0.022820513,0.053717949,0,0.053717949,0.099615385,0,0
National,X,2008,14,6183,14.5399,0,12,110,266,0,266,511,0,0,0,0.001940805,0.017790716,0.043021187,0,0.043021187,0.082645965,0,0
National,X,2008,15,5285,11.7692,0,6,56,144,0,144,416,0,0,0,0.001135289,0.010596026,0.027246925,0,0.027246925,0.07871334,0,0
National,X,2008,16,4103,8.50597,0,0,32,83,0,83,234,0,0,0,0,0.007799171,0.020229101,0,0.020229101,0.05703144,0,0
National,X,2008,17,3556,5.3712,0,5,11,44,0,44,131,0,0,0,0.001406074,0.003093363,0.012373453,0,0.012373453,0.036839145,0,0
National,X,2008,18,2724,4.62555,0,1,9,37,0,37,79,0,0,0,0.000367107,0.003303965,0.013582966,0,0.013582966,0.029001468,0,0
National,X,2008,19,2539,2.56006,0,0,10,12,0,12,43,0,0,0,0,0.003938558,0.00472627,0,0.00472627,0.016935801,0,0
National,X,2008,20,2414,1.57415,0,0,4,14,0,14,20,0,0,0,0,0.001657001,0.005799503,0,0.005799503,0.008285004,0,0
National,X,2008,21,2115,1.37116,0,1,4,9,0,9,15,0,0,0,0.000472813,0.001891253,0.004255319,0,0.004255319,0.007092199,0,0
National,X,2008,22,1927,0.985989,0,0,2,7,0,7,10,0,0,0,0,0.001037883,0.00363259,0,0.00363259,0.005189414,0,0
National,X,2008,23,1850,0.918919,0,0,1,11,0,11,5,0,0,0,0,0.000540541,0.005945946,0,0.005945946,0.002702703,0,0
National,X,2008,24,1502,0.798935,0,0,0,5,0,5,7,0,0,0,0,0,0.003328895,0,0.003328895,0.004660453,0,0
National,X,2008,25,1467,0.477164,0,0,2,3,0,3,2,0,0,0,0,0.001363327,0.00204499,0,0.00204499,0.001363327,0,0
National,X,2008,26,1325,0.45283,0,0,0,0,0,0,6,0,0,0,0,0,0,0,0,0.004528302,0,0
National,X,2008,27,1203,0.332502,0,0,0,1,0,1,3,0,0,0,0,0,0.000831255,0,0.000831255,0.002493766,0,0
National,X,2008,28,1269,0.472813,0,1,1,0,0,0,4,0,0,0,0.000788022,0.000788022,0,0,0,0.003152088,0,0
National,X,2008,29,1203,0.332502,0,0,0,2,0,2,2,0,0,0,0,0,0.00166251,0,0.00166251,0.00166251,0,0
National,X,2008,30,1163,0.859845,0,1,5,4,0,4,0,0,0,0,0.000859845,0.004299226,0.003439381,0,0.003439381,0,0,0
National,X,2008,31,1125,0.622222,0,0,1,2,0,2,4,0,0,0,0,0.000888889,0.001777778,0,0.001777778,0.003555556,0,0
National,X,2008,32,1102,0.635209,0,1,0,5,0,5,1,0,0,0,0.000907441,0,0.004537205,0,0.004537205,0.000907441,0,0
National,X,2008,33,1053,0.0949668,0,0,0,0,0,0,1,0,0,0,0,0,0,0,0,0.000949668,0,0
National,X,2008,34,1090,0.550459,0,1,1,1,0,1,3,0,0,0,0.000917431,0.000917431,0.000917431,0,0.000917431,0.002752294,0,0
National,X,2008,35,1271,0.393391,0,0,0,2,0,2,3,0,0,0,0,0,0.001573564,0,0.001573564,0.002360346,0,0
National,X,2008,36,1336,0.449102,0,1,0,5,0,5,0,0,0,0,0.000748503,0,0.003742515,0,0.003742515,0,0,0
National,X,2008,37,1562,0.704225,0,0,2,7,0,7,2,0,0,0,0,0.00128041,0.004481434,0,0.004481434,0.00128041,0,0
National,X,2008,38,1886,1.06045,0,3,3,11,0,11,3,0,0,0,0.001590668,0.001590668,0.00583245,0,0.00583245,0.001590668,0,0
National,X,2008,39,2009,0.597312,0,2,0,8,0,8,2,0,0,0,0.00099552,0,0.003982081,0,0.003982081,0.00099552,0,0
National,X,2008,40,2759,0.616165,0,3,0,8,0,8,6,0,0,0,0.00108735,0,0.002899601,0,0.002899601,0.002174701,0,0
National,X,2008,41,2874,0.800278,0,5,4,8,0,8,6,0,0,0,0.001739736,0.001391788,0.002783577,0,0.002783577,0.002087683,0,0
National,X,2008,42,2937,1.25979,0,13,3,15,0,15,6,0,0,0,0.004426285,0.00102145,0.005107252,0,0.005107252,0.002042901,0,0
National,X,2008,43,3434,1.77635,0,22,0,24,0,24,15,0,0,0,0.006406523,0,0.006988934,0,0.006988934,0.004368084,0,0
National,X,2008,44,3545,1.21298,0,13,3,21,0,21,6,0,0,0,0.003667137,0.000846262,0.005923836,0,0.005923836,0.001692525,0,0
National,X,2008,45,4154,1.7092,0,33,3,23,0,23,12,0,0,0,0.00794415,0.000722195,0.005536832,0,0.005536832,0.002888782,0,0
National,X,2008,46,4418,1.40335,0,25,2,23,0,23,12,0,0,0,0.005658669,0.000452694,0.005205976,0,0.005205976,0.002716161,0,0
National,X,2008,47,4739,1.77253,0,25,1,32,0,32,26,0,0,0,0.005275375,0.000211015,0.006752479,0,0.006752479,0.00548639,0,0
National,X,2008,48,4836,2.25393,0,40,1,48,0,48,20,0,0,0,0.008271299,0.000206782,0.009925558,0,0.009925558,0.004135649,0,0
National,X,2008,49,5598,2.26867,0,45,6,58,0,58,18,0,0,0,0.008038585,0.001071811,0.010360843,0,0.010360843,0.003215434,0,0
National,X,2008,50,5989,3.15579,0,68,10,69,0,69,42,0,0,0,0.011354149,0.001669728,0.011521122,0,0.011521122,0.007012857,0,0
National,X,2008,51,6301,4.33265,0,81,19,113,0,113,60,0,0,0,0.012855102,0.003015394,0.017933661,0,0.017933661,0.009522298,0,0
National,X,2008,52,6031,4.72558,0,70,14,156,0,156,45,0,0,0,0.011606699,0.00232134,0.025866357,0,0.025866357,0.007461449,0,0
National,X,2008,53,6592,5.53701,0,119,19,177,0,177,50,0,0,0,0.018052184,0.002882282,0.026850728,0,0.026850728,0.007584951,0,0
National,X,2009,1,6981,8.43719,0,176,35,299,0,299,79,0,0,0,0.025211288,0.005013608,0.04283054,0,0.04283054,0.01131643,0,0
National,X,2009,2,6995,10.8649,0,207,25,425,0,425,103,0,0,0,0.029592566,0.003573981,0.060757684,0,0.060757684,0.014724803,0,0
National,X,2009,3,7943,16.0519,0,364,51,670,0,670,190,0,0,0,0.045826514,0.006420748,0.084351001,0,0.084351001,0.023920433,0,0
National,X,2009,4,9484,20.7613,0,563,81,944,0,944,381,0,0,0,0.059363138,0.0085407,0.099536061,0,0.099536061,0.040172923,0,0
National,X,2009,5,11707,23.9344,0,678,55,1382,0,1382,687,0,0,0,0.057914069,0.004698044,0.11804903,0,0.11804903,0.058682839,0,0
National,X,2009,6,12691,25.2699,0,835,68,1357,0,1357,947,0,0,0,0.065794658,0.005358128,0.106926168,0,0.106926168,0.074619809,0,0
National,X,2009,7,11741,24.8105,0,844,73,1064,1,1065,931,0,0,0,0.071884848,0.006217528,0.090622605,8.51716E-05,0.090707776,0.079294779,0,0
National,X,2009,8,11912,24.5383,0,707,58,1006,0,1006,1152,0,0,0,0.059351914,0.00486904,0.084452653,0,0.084452653,0.096709201,0,0
National,X,2009,9,10970,24.3482,0,549,69,885,0,885,1168,0,0,0,0.050045579,0.006289881,0.080674567,0,0.080674567,0.106472197,0,0
National,X,2009,10,9595,22.3762,0,388,70,627,0,627,1062,0,0,0,0.040437728,0.007295466,0.065346535,0,0.065346535,0.110682647,0,0
National,X,2009,11,8628,20.5494,0,358,63,433,0,433,919,0,0,0,0.041492814,0.007301808,0.050185443,0,0.050185443,0.106513676,0,0
National,X,2009,12,7343,16.737,0,268,45,285,0,285,631,0,0,0,0.036497344,0.006128285,0.038812474,0,0.038812474,0.08593218,0,0
National,X,2009,13,5778,13.8283,0,122,27,178,0,178,472,0,0,0,0.021114573,0.004672897,0.030806507,0,0.030806507,0.081689166,0,0
National,X,2009,14,5095,10.6575,0,102,35,129,1,130,276,0,0,0,0.020019627,0.00686948,0.02531894,0.000196271,0.025515211,0.054170756,0,0
National,X,2009,15,4674,7.1887,0,39,29,82,1,83,185,0,0,0,0.008344031,0.006204536,0.01754386,0.00021395,0.017757809,0.039580659,0,0
National,X,2009,16,4219,7.67954,14,43,37,113,4,117,113,0,0,0.003318322,0.010191989,0.008769851,0.026783598,0.000948092,0.02773169,0.026783598,0,0
National,X,2009,17,36203,12.4631,1354,702,935,526,195,721,800,0,0,0.037400215,0.019390658,0.025826589,0.014529183,0.005386294,0.019915477,0.022097616,0,0
National,X,2009,18,34659,15.0235,2484,518,893,709,117,826,486,0,0,0.071669696,0.014945613,0.025765313,0.020456447,0.003375747,0.023832194,0.014022332,0,0
National,X,2009,19,16820,18.0856,1741,155,298,626,88,714,134,0,0,0.103507729,0.00921522,0.017717004,0.037217598,0.005231867,0.042449465,0.007966706,0,0
National,X,2009,20,15410,26.7878,2796,79,322,767,71,838,93,0,0,0.181440623,0.005126541,0.020895522,0.049772875,0.004607398,0.054380273,0.006035042,0,0
National,X,2009,21,13483,33.4866,3144,34,304,964,27,991,42,0,0,0.233182526,0.002521694,0.022546911,0.071497441,0.002002522,0.073499963,0.003115034,0,0
National,X,2009,22,13553,39.482,3967,30,441,872,17,889,24,0,0,0.292702723,0.002213532,0.032538921,0.064339999,0.001254335,0.065594333,0.001770826,0,0
National,X,2009,23,13762,41.6146,4203,29,268,1194,18,1212,15,0,0,0.305406191,0.002107252,0.019473914,0.086760645,0.001307949,0.088068595,0.001089958,0,0
National,X,2009,24,14264,43.0454,4587,15,221,1286,22,1308,9,0,0,0.3215788,0.001051598,0.01549355,0.090157039,0.001542344,0.091699383,0.000630959,0,0
National,X,2009,25,12117,36.1806,3267,9,76,993,33,1026,6,0,0,0.269621193,0.000742758,0.00627218,0.081950978,0.002723446,0.084674424,0.000495172,0,0
National,X,2009,26,10913,31.7786,2637,13,41,747,23,770,7,0,0,0.241638413,0.00119124,0.003756987,0.068450472,0.002107578,0.07055805,0.000641437,0,0
National,X,2009,27,10713,32.0358,2753,1,45,614,12,626,7,0,0,0.256977504,9.33445E-05,0.004200504,0.057313544,0.001120134,0.058433679,0.000653412,0,0
National,X,2009,28,9808,27.5387,2123,3,29,519,24,543,3,0,0,0.216455954,0.000305873,0.00295677,0.052915987,0.002446982,0.055362969,0.000305873,0,0
National,X,2009,29,8646,27.1108,1901,4,16,403,17,420,3,0,0,0.21987046,0.000462642,0.001850567,0.04661115,0.001966227,0.048577377,0.000346981,0,0
National,X,2009,30,9184,27.5588,1990,4,11,498,24,522,4,0,0,0.216681185,0.00043554,0.001197735,0.054224739,0.00261324,0.056837979,0.00043554,0,0
National,X,2009,31,8424,23.6705,1471,10,7,486,18,504,2,0,0,0.174620133,0.001187085,0.000830959,0.057692308,0.002136752,0.05982906,0.000237417,0,0
National,X,2009,32,8572,22.5502,1462,9,8,441,8,449,5,0,0,0.170555296,0.00104993,0.000933271,0.05144657,0.000933271,0.052379841,0.000583294,0,0
National,X,2009,33,10003,24.3627,1905,9,18,493,11,504,1,0,0,0.190442867,0.00089973,0.00179946,0.049285214,0.00109967,0.050384885,9.997E-05,0,0
National,X,2009,34,11636,22.0265,1792,12,15,713,16,729,15,0,0,0.154004813,0.001031282,0.001289103,0.061275352,0.001375043,0.062650395,0.001289103,0,0
National,X,2009,35,13008,22.2863,1798,10,11,1062,17,1079,1,0,0,0.138222632,0.000768758,0.000845633,0.081642066,0.001306888,0.082948954,7.68758E-05,0,0
National,X,2009,36,14896,24.0064,2132,4,6,1416,8,1424,10,0,0,0.143125671,0.000268528,0.000402793,0.095059076,0.000537057,0.095596133,0.000671321,0,0
National,X,2009,37,16682,25.5905,2456,4,1,1794,10,1804,4,0,0,0.147224553,0.000239779,5.99449E-05,0.107541062,0.000599449,0.108140511,0.000239779,0,0
National,X,2009,38,16820,26.9917,2614,4,6,1881,24,1905,11,0,0,0.155410226,0.000237812,0.000356718,0.111831153,0.001426873,0.113258026,0.000653983,0,0
National,X,2009,39,15419,31.98,3456,8,4,1427,24,1451,12,0,0,0.224139049,0.00051884,0.00025942,0.092548155,0.001556521,0.094104676,0.000778261,0,0
National,X,2009,40,23980,33.5363,6178,1,2,1822,18,1840,21,0,0,0.257631359,4.17014E-05,8.34028E-05,0.075979983,0.000750626,0.076730609,0.00087573,0,0
National,X,2009,41,29005,37.5763,8858,2,0,2003,18,2021,18,0,0,0.305395621,6.89536E-05,0,0.069057059,0.000620583,0.069677642,0.000620583,0,0
National,X,2009,42,31511,39.3799,10050,4,5,2291,27,2318,32,0,0,0.318936244,0.00012694,0.000158675,0.07270477,0.000856844,0.073561613,0.001015518,0,0
National,X,2009,43,28104,35.575,7968,1,2,1971,39,2010,17,0,0,0.28351836,3.55821E-05,7.11642E-05,0.070132365,0.001387703,0.071520068,0.000604896,0,0
National,X,2009,44,24986,30.9253,6208,5,2,1467,21,1488,24,0,0,0.248459137,0.000200112,8.00448E-05,0.058712879,0.000840471,0.05955335,0.000960538,0,0
National,X,2009,45,21788,27.6115,4812,2,2,1165,21,1186,14,0,0,0.220855517,9.17936E-05,9.17936E-05,0.0534698,0.000963833,0.054433633,0.000642556,0,0
National,X,2009,46,18493,19.6182,2848,1,0,746,21,767,12,0,0,0.154004218,5.40745E-05,0,0.040339588,0.001135565,0.041475153,0.000648894,0,0
National,X,2009,47,13301,14.5628,1474,1,3,445,9,454,5,0,0,0.110818735,7.51823E-05,0.000225547,0.033456131,0.000676641,0.034132772,0.000375912,0,0
National,X,2009,48,13134,10.7355,1048,1,0,322,9,331,30,0,0,0.079792904,7.61383E-05,0,0.024516522,0.000685244,0.025201766,0.002284148,0,0
National,X,2009,49,11364,7.63816,630,1,3,211,7,218,16,0,0,0.055438226,8.79972E-05,0.000263992,0.018567406,0.00061598,0.019183386,0.001407955,0,0
National,X,2009,50,10494,6.44178,496,0,3,158,6,164,13,0,0,0.047265104,0,0.000285878,0.015056223,0.000571755,0.015627978,0.001238803,0,0
National,X,2009,51,8622,4.95245,273,3,0,146,1,147,4,0,0,0.031663187,0.000347947,0,0.016933426,0.000115982,0.017049408,0.000463929,0,0
National,X,2009,52,9617,4.86638,311,0,1,146,1,147,9,0,0,0.032338567,0,0.000103983,0.01518145,0.000103983,0.015285432,0.000935843,0,0
National,X,2010,1,9456,4.00804,272,0,1,92,3,95,11,0,0,0.028764805,0,0.000105753,0.009729272,0.000317259,0.010046531,0.001163283,0,0
National,X,2010,2,8753,4.76408,272,1,3,128,2,130,11,0,0,0.03107506,0.000114247,0.00034274,0.014623558,0.000228493,0.014852051,0.001256712,0,0
National,X,2010,3,8468,5.63297,324,0,1,149,2,151,1,0,0,0.038261691,0,0.000118092,0.017595654,0.000236183,0.017831838,0.000118092,0,0
National,X,2010,4,8378,5.10862,282,0,3,134,0,134,9,0,0,0.033659585,0,0.000358081,0.015994271,0,0.015994271,0.001074242,0,0
National,X,2010,5,8243,5.15589,307,0,0,108,0,108,10,0,0,0.037243722,0,0,0.013102026,0,0.013102026,0.001213151,0,0
National,X,2010,6,8099,4.55612,250,1,0,109,0,109,9,0,0,0.030868008,0.000123472,0,0.013458452,0,0.013458452,0.001111248,0,0
National,X,2010,7,8375,4.77612,281,0,0,112,0,112,7,0,0,0.033552239,0,0,0.013373134,0,0.013373134,0.000835821,0,0
National,X,2010,8,8074,5.42482,335,0,1,99,0,99,3,0,0,0.041491206,0,0.000123854,0.01226158,0,0.01226158,0.000371563,0,0
National,X,2010,9,7514,6.13521,353,0,0,102,0,102,6,0,0,0.046978973,0,0,0.013574661,0,0.013574661,0.000798509,0,0
National,X,2010,10,7502,6.61157,364,0,0,119,0,119,13,0,0,0.048520395,0,0,0.015862437,0,0.015862437,0.001732871,0,0
National,X,2010,11,6485,5.70547,262,0,1,103,0,103,4,0,0,0.040400925,0,0.000154202,0.015882806,0,0.015882806,0.000616808,0,0
National,X,2010,12,5654,4.42165,180,0,1,58,0,58,11,0,0,0.031835868,0,0.000176866,0.010258224,0,0.010258224,0.001945525,0,0
National,X,2010,13,5246,4.34617,166,0,1,55,0,55,6,0,0,0.031643157,0,0.000190621,0.010484178,0,0.010484178,0.001143729,0,0
National,X,2010,14,4716,2.75657,102,0,1,26,0,26,1,0,0,0.021628499,0,0.000212044,0.005513147,0,0.005513147,0.000212044,0,0
National,X,2010,15,4095,2.05128,60,0,2,14,0,14,8,0,0,0.014652015,0,0.0004884,0.003418803,0,0.003418803,0.001953602,0,0
National,X,2010,16,3740,1.25668,20,0,2,12,0,12,13,0,0,0.005347594,0,0.000534759,0.003208556,0,0.003208556,0.003475936,0,0
National,X,2010,17,3660,0.710383,17,0,0,5,0,5,4,0,0,0.004644809,0,0,0.00136612,0,0.00136612,0.001092896,0,0
National,X,2010,18,3117,0.802053,18,0,1,3,0,3,3,0,0,0.005774783,0,0.000320821,0.000962464,0,0.000962464,0.000962464,0,0
National,X,2010,19,2891,0.622622,6,0,2,6,0,6,4,0,0,0.002075406,0,0.000691802,0.002075406,0,0.002075406,0.001383604,0,0
National,X,2010,20,2903,0.516707,7,0,1,3,1,4,3,0,0,0.002411299,0,0.000344471,0.001033414,0.000344471,0.001377885,0.001033414,0,0
National,X,2010,21,2689,0.185943,0,0,0,3,0,3,2,0,0,0,0,0,0.001115656,0,0.001115656,0.000743771,0,0
National,X,2010,22,2136,0.280899,3,0,1,0,0,0,2,0,0,0.001404494,0,0.000468165,0,0,0,0.00093633,0,0
National,X,2010,23,2163,0.277393,1,0,1,1,0,1,3,0,0,0.000462321,0,0.000462321,0.000462321,0,0.000462321,0.001386963,0,0
National,X,2010,24,2033,0.442696,1,0,4,1,0,1,3,0,0,0.000491884,0,0.001967536,0.000491884,0,0.000491884,0.001475652,0,0
National,X,2010,25,1987,0.402617,3,0,4,1,0,1,0,0,0,0.001509814,0,0.002013085,0.000503271,0,0.000503271,0,0,0
National,X,2010,26,1820,0.21978,1,0,1,1,0,1,1,0,0,0.000549451,0,0.000549451,0.000549451,0,0.000549451,0.000549451,0,0
National,X,2010,27,1636,0.305623,1,0,4,0,0,0,0,0,0,0.000611247,0,0.002444988,0,0,0,0,0,0
National,X,2010,28,1620,0.679012,2,0,7,0,0,0,2,0,0,0.001234568,0,0.004320988,0,0,0,0.001234568,0,0
National,X,2010,29,1606,0.498132,3,0,2,0,0,0,3,0,0,0.001867995,0,0.00124533,0,0,0,0.001867995,0,0
National,X,2010,30,1686,1.36418,1,0,13,4,0,4,5,0,0,0.00059312,0,0.007710558,0.002372479,0,0.002372479,0.002965599,0,0
National,X,2010,31,1520,1.05263,4,0,9,2,0,2,1,0,0,0.002631579,0,0.005921053,0.001315789,0,0.001315789,0.000657895,0,0
National,X,2010,32,1676,1.73031,7,0,10,2,0,2,10,0,0,0.004176611,0,0.005966587,0.001193317,0,0.001193317,0.005966587,0,0
National,X,2010,33,1790,1.06145,5,0,11,0,0,0,3,0,0,0.002793296,0,0.006145251,0,0,0,0.001675978,0,0
National,X,2010,34,1967,2.03355,10,0,18,6,0,6,6,0,0,0.005083884,0,0.009150991,0.00305033,0,0.00305033,0.00305033,0,0
National,X,2010,35,2212,1.26582,7,0,14,3,0,3,4,0,0,0.003164557,0,0.006329114,0.001356239,0,0.001356239,0.001808318,0,0
National,X,2010,36,2336,1.5411,9,0,16,7,0,7,4,0,0,0.00385274,0,0.006849315,0.002996575,0,0.002996575,0.001712329,0,0
National,X,2010,37,2698,1.85322,5,1,31,7,0,7,6,0,0,0.001853225,0.000370645,0.011489993,0.002594514,0,0.002594514,0.00222387,0,0
National,X,2010,38,2960,1.62162,0,0,30,9,0,9,9,0,0,0,0,0.010135135,0.003040541,0,0.003040541,0.003040541,0,0
National,X,2010,39,2988,1.33869,2,0,20,8,0,8,10,0,0,0.000669344,0,0.00669344,0.002677376,0,0.002677376,0.00334672,0,0
National,X,2010,40,3600,2.13889,7,0,18,29,0,29,23,0,0,0.001944444,0,0.005,0.008055556,0,0.008055556,0.006388889,0,0
National,X,2010,41,4006,3.19521,13,0,36,43,0,43,36,0,0,0.003245132,0,0.00898652,0.010733899,0,0.010733899,0.00898652,0,0
National,X,2010,42,4112,3.38035,8,0,35,51,0,51,45,0,0,0.001945525,0,0.008511673,0.012402724,0,0.012402724,0.01094358,0,0
National,X,2010,43,4240,3.91509,13,0,56,45,0,45,52,0,0,0.003066038,0,0.013207547,0.010613208,0,0.010613208,0.012264151,0,0
National,X,2010,44,4608,5.36024,12,0,61,68,0,68,106,0,0,0.002604167,0,0.013237847,0.014756944,0,0.014756944,0.023003472,0,0
National,X,2010,45,5377,6.50921,15,0,79,93,0,93,163,0,0,0.00278966,0,0.014692208,0.01729589,0,0.01729589,0.030314302,0,0
National,X,2010,46,5578,8.73073,23,0,123,104,0,104,237,0,0,0.004123342,0,0.022050914,0.018644676,0,0.018644676,0.042488347,0,0
National,X,2010,47,5533,10.6091,11,0,155,156,0,156,265,0,0,0.001988072,0,0.028013736,0.02819447,0,0.02819447,0.047894451,0,0
National,X,2010,48,5975,9.99163,35,0,176,126,0,126,260,0,0,0.005857741,0,0.029456067,0.021087866,0,0.021087866,0.043514644,0,0
National,X,2010,49,6361,13.2526,48,0,359,126,0,126,310,0,0,0.007545983,0,0.056437667,0.019808206,0,0.019808206,0.048734476,0,0
National,X,2010,50,7692,18.8508,83,0,551,274,0,274,542,0,0,0.010790432,0,0.071632865,0.035621425,0,0.035621425,0.070462819,0,0
National,X,2010,51,8172,25.0367,112,0,789,456,0,456,689,0,0,0.013705335,0,0.096549192,0.055800294,0,0.055800294,0.084312286,0,0
National,X,2010,52,9030,26.268,197,0,1015,512,0,512,648,0,0,0.021816168,0,0.112403101,0.056699889,0,0.056699889,0.071760797,0,0
National,X,2011,1,10441,25.17,346,0,1159,551,0,551,572,0,0,0.033138588,0,0.111004693,0.052772723,0,0.052772723,0.054784025,0,0
National,X,2011,2,10190,29.2836,557,0,1216,626,0,626,585,0,0,0.054661433,0,0.119332679,0.061432777,0,0.061432777,0.057409225,0,0
National,X,2011,3,11067,33.5231,832,0,1437,700,0,700,741,0,0,0.075178458,0,0.129845487,0.063251107,0,0.063251107,0.066955815,0,0
National,X,2011,4,12950,34.3398,1074,0,1524,877,0,877,972,0,0,0.082934363,0,0.117683398,0.067722008,0,0.067722008,0.075057915,0,0
National,X,2011,5,13875,35.4018,1231,0,1481,1073,0,1073,1127,0,0,0.088720721,0,0.106738739,0.077333333,0,0.077333333,0.081225225,0,0
National,X,2011,6,14647,34.6624,1267,0,1488,1145,0,1145,1177,0,0,0.086502355,0,0.101590769,0.078173005,0,0.078173005,0.080357752,0,0
National,X,2011,7,16401,34.8515,1432,0,1570,1360,0,1360,1354,0,0,0.087311749,0,0.09572587,0.082921773,0,0.082921773,0.082555942,0,0
National,X,2011,8,15033,30.9785,1170,0,1235,1048,0,1048,1204,0,0,0.077828777,0,0.082152598,0.069713297,0,0.069713297,0.080090468,0,0
National,X,2011,9,12990,27.5058,954,0,997,738,0,738,884,0,0,0.073441109,0,0.076751347,0.056812933,0,0.056812933,0.068052348,0,0
National,X,2011,10,11625,23.7935,714,0,858,503,0,503,691,0,0,0.061419355,0,0.073806452,0.043268817,0,0.043268817,0.05944086,0,0
National,X,2011,11,9860,20.284,457,0,609,371,0,371,563,0,0,0.046348884,0,0.061764706,0.037626775,0,0.037626775,0.057099391,0,0
National,X,2011,12,8443,16.1199,264,0,426,265,0,265,406,0,0,0.031268506,0,0.050455999,0.031386948,0,0.031386948,0.048087173,0,0
National,X,2011,13,7107,12.8043,168,0,283,166,0,166,293,0,0,0.023638666,0,0.039819896,0.023357253,0,0.023357253,0.041226959,0,0
National,X,2011,14,6481,9.8133,87,0,208,87,0,87,254,0,0,0.013423854,0,0.032093813,0.013423854,0,0.013423854,0.039191483,0,0
National,X,2011,15,5615,7.12378,46,0,141,54,0,54,159,0,0,0.008192342,0,0.025111309,0.009617097,0,0.009617097,0.028317008,0,0
National,X,2011,16,4642,4.4162,30,0,60,29,0,29,86,0,0,0.006462732,0,0.012925463,0.006247307,0,0.006247307,0.018526497,0,0
National,X,2011,17,3976,3.34507,10,0,28,32,0,32,63,0,0,0.002515091,0,0.007042254,0.00804829,0,0.00804829,0.01584507,0,0
National,X,2011,18,3611,1.91083,11,0,23,10,0,10,25,0,0,0.003046248,0,0.006369427,0.002769316,0,0.002769316,0.00692329,0,0
National,X,2011,19,3271,1.10058,2,0,11,8,0,8,15,0,0,0.000611434,0,0.003362886,0.002445735,0,0.002445735,0.004585754,0,0
National,X,2011,20,3079,0.84443,3,0,6,4,0,4,13,0,0,0.000974342,0,0.001948685,0.001299123,0,0.001299123,0.00422215,0,0
National,X,2011,21,2705,0.665434,3,0,4,6,0,6,5,0,0,0.001109057,0,0.001478743,0.002218115,0,0.002218115,0.001848429,0,0
National,X,2011,22,2442,0.532351,2,0,0,5,0,5,6,0,0,0.000819001,0,0,0.002047502,0,0.002047502,0.002457002,0,0
National,X,2011,23,2259,0.265604,0,0,0,2,0,2,4,0,0,0,0,0,0.000885347,0,0.000885347,0.001770695,0,0
National,X,2011,24,2109,0.426743,2,0,1,6,0,6,0,0,0,0.000948317,0,0.000474158,0.00284495,0,0.00284495,0,0,0
National,X,2011,25,1967,0.254194,0,0,0,2,0,2,3,0,0,0,0,0,0.001016777,0,0.001016777,0.001525165,0,0
National,X,2011,26,1560,0.25641,2,0,0,1,0,1,1,0,0,0.001282051,0,0,0.000641026,0,0.000641026,0.000641026,0,0
National,X,2011,27,1498,0.333778,2,0,1,1,0,1,1,0,0,0.001335113,0,0.000667557,0.000667557,0,0.000667557,0.000667557,0,0
National,X,2011,28,1500,0.6,0,0,4,1,0,1,4,0,0,0,0,0.002666667,0.000666667,0,0.000666667,0.002666667,0,0
National,X,2011,29,1500,0.666667,0,0,4,1,0,1,5,0,0,0,0,0.002666667,0.000666667,0,0.000666667,0.003333333,0,0
National,X,2011,30,1307,0.306044,0,0,1,2,0,2,1,0,0,0,0,0.000765111,0.001530222,0,0.001530222,0.000765111,0,0
National,X,2011,31,1428,0.770308,3,0,2,3,0,3,3,0,0,0.00210084,0,0.00140056,0.00210084,0,0.00210084,0.00210084,0,0
National,X,2011,32,1433,0.907188,1,0,3,7,0,7,2,0,0,0.000697837,0,0.00209351,0.004884857,0,0.004884857,0.001395673,0,0
National,X,2011,33,1506,1.06242,2,0,5,5,1,6,3,0,0,0.001328021,0,0.003320053,0.003320053,0.000664011,0.003984064,0.001992032,0,0
National,X,2011,34,1705,0.997067,0,0,5,6,0,6,6,0,0,0,0,0.002932551,0.003519062,0,0.003519062,0.003519062,0,0
National,X,2011,35,1925,0.779221,2,0,3,9,0,9,1,0,0,0.001038961,0,0.001558442,0.004675325,0,0.004675325,0.000519481,0,0
National,X,2011,36,2056,0.632296,1,0,3,7,0,7,2,0,0,0.000486381,0,0.001459144,0.003404669,0,0.003404669,0.000972763,0,0
National,X,2011,37,2326,0.902837,0,0,6,11,0,11,4,0,0,0,0,0.002579536,0.004729149,0,0.004729149,0.00171969,0,0
National,X,2011,38,2612,0.803982,0,0,5,8,0,8,8,0,0,0,0,0.001914242,0.003062787,0,0.003062787,0.003062787,0,0
National,X,2011,39,2920,1.19863,1,0,18,10,0,10,6,0,0,0.000342466,0,0.006164384,0.003424658,0,0.003424658,0.002054795,0,0
National,X,2011,40,3192,1.03383,3,0,14,7,0,7,9,0,0,0.00093985,0,0.004385965,0.002192982,0,0.002192982,0.002819549,0,0
National,X,2011,41,3316,0.572979,0,0,9,2,0,2,8,0,0,0,0,0.002714113,0.000603136,0,0.000603136,0.002412545,0,0
National,X,2011,42,3425,0.817518,2,0,10,8,0,8,8,0,0,0.000583942,0,0.002919708,0.002335766,0,0.002335766,0.002335766,0,0
National,X,2011,43,3749,1.17365,0,0,12,20,0,20,12,0,0,0,0,0.003200854,0.005334756,0,0.005334756,0.003200854,0,0
National,X,2011,44,4075,0.957055,1,0,17,12,0,12,9,0,0,0.000245399,0,0.004171779,0.002944785,0,0.002944785,0.002208589,0,0
National,X,2011,45,4326,1.13269,2,0,15,17,0,17,15,0,0,0.000462321,0,0.003467406,0.003929727,0,0.003929727,0.003467406,0,0
National,X,2011,46,4580,0.960699,0,0,15,17,0,17,12,0,0,0,0,0.003275109,0.00371179,0,0.00371179,0.002620087,0,0
National,X,2011,47,4108,1.82571,3,0,23,30,0,30,19,0,0,0.000730282,0,0.005598832,0.007302824,0,0.007302824,0.004625122,0,0
National,X,2011,48,4669,1.54209,2,0,32,21,0,21,17,0,0,0.000428357,0,0.006853716,0.004497751,0,0.004497751,0.003641037,0,0
National,X,2011,49,4710,2.29299,5,0,38,45,0,45,20,0,0,0.001061571,0,0.008067941,0.00955414,0,0.00955414,0.004246285,0,0
National,X,2011,50,4906,2.71097,4,0,78,31,0,31,20,0,0,0.000815328,0,0.015898899,0.006318793,0,0.006318793,0.004076641,0,0
National,X,2011,51,5151,3.8245,7,0,104,62,0,62,24,0,0,0.001358959,0,0.020190254,0.012036498,0,0.012036498,0.004659289,0,0
National,X,2011,52,5470,3.32724,4,0,107,53,0,53,18,0,0,0.000731261,0,0.019561243,0.009689214,0,0.009689214,0.003290676,0,0
National,X,2012,1,5690,3.21617,16,0,101,44,0,44,22,0,0,0.002811951,0,0.017750439,0.007732865,0,0.007732865,0.003866432,0,0
National,X,2012,2,5341,4.39993,31,0,142,47,0,47,15,0,0,0.005804157,0,0.026586782,0.00879985,0,0.00879985,0.002808463,0,0
National,X,2012,3,5364,5.9657,50,0,195,57,0,57,18,0,0,0.009321402,0,0.036353468,0.010626398,0,0.010626398,0.003355705,0,0
National,X,2012,4,5840,8.09932,84,0,257,100,0,100,32,0,0,0.014383562,0,0.044006849,0.017123288,0,0.017123288,0.005479452,0,0
National,X,2012,5,6251,10.8783,128,0,365,144,0,144,43,0,0,0.020476724,0,0.058390657,0.023036314,0,0.023036314,0.006878899,0,0
National,X,2012,6,6413,12.615,167,0,419,167,0,167,56,0,0,0.026040855,0,0.065336036,0.026040855,0,0.026040855,0.008732263,0,0
National,X,2012,7,7298,14.8397,233,0,508,271,0,271,71,0,0,0.031926555,0,0.069608112,0.037133461,0,0.037133461,0.009728693,0,0
National,X,2012,8,7596,18.9968,319,0,690,356,0,356,78,0,0,0.041995787,0,0.090837283,0.046866772,0,0.046866772,0.010268562,0,0
National,X,2012,9,8485,23.8185,488,0,988,433,0,433,112,0,0,0.057513259,0,0.116440778,0.051031232,0,0.051031232,0.013199764,0,0
National,X,2012,10,8459,28.183,538,0,1232,491,0,491,123,0,0,0.063600898,0,0.145643693,0.058044686,0,0.058044686,0.014540726,0,0
National,X,2012,11,8822,30.7187,599,0,1396,516,0,516,199,0,0,0.067898436,0,0.158240762,0.058490138,0,0.058490138,0.022557243,0,0
National,X,2012,12,7974,27.527,445,0,1086,427,0,427,237,0,0,0.055806371,0,0.136192626,0.053549034,0,0.053549034,0.029721595,0,0
National,X,2012,13,7450,21.557,311,0,719,332,0,332,244,0,0,0.041744966,0,0.096510067,0.044563758,0,0.044563758,0.032751678,0,0
National,X,2012,14,6695,22.0762,266,0,629,308,0,308,275,0,0,0.039731143,0,0.093950709,0.046004481,0,0.046004481,0.041075429,0,0
National,X,2012,15,6304,20.4473,188,0,591,212,0,212,298,0,0,0.029822335,0,0.09375,0.033629442,0,0.033629442,0.047271574,0,0
National,X,2012,16,5689,20.6363,119,0,540,201,0,201,314,0,0,0.02091756,0,0.094920021,0.035331341,0,0.035331341,0.055194234,0,0
National,X,2012,17,4980,17.2691,74,0,361,151,0,151,274,0,0,0.014859438,0,0.07248996,0.030321285,0,0.030321285,0.05502008,0,0
National,X,2012,18,4522,15.9885,53,0,299,119,0,119,252,0,0,0.011720478,0,0.066121185,0.026315789,0,0.026315789,0.055727554,0,0
National,X,2012,19,4061,15.1687,33,0,229,88,0,88,266,0,0,0.008126077,0,0.056390052,0.02166954,0,0.02166954,0.065501108,0,0
National,X,2012,20,3811,13.3298,23,0,162,69,0,69,254,0,0,0.006035161,0,0.042508528,0.018105484,0,0.018105484,0.066649173,0,0
National,X,2012,21,3729,11.1558,11,0,76,69,0,69,260,0,0,0.002949853,0,0.020380799,0.01850362,0,0.01850362,0.069723787,0,0
National,X,2012,22,3347,10.9053,3,0,78,56,0,56,228,0,0,0.000896325,0,0.023304452,0.016731401,0,0.016731401,0.068120705,0,0
National,X,2012,23,3055,9.59083,7,0,45,44,0,44,197,0,0,0.002291326,0,0.014729951,0.014402619,0,0.014402619,0.064484452,0,0
National,X,2012,24,2898,9.97239,2,0,52,56,0,56,179,0,0,0.000690131,0,0.017943409,0.019323671,0,0.019323671,0.061766736,0,0
National,X,2012,25,2529,6.76157,2,0,36,30,0,30,103,0,0,0.000790826,0,0.014234875,0.011862396,0,0.011862396,0.04072756,0,0
National,X,2012,26,2255,6.74058,0,0,17,22,0,22,113,0,0,0,0,0.007538803,0.009756098,0,0.009756098,0.050110865,0,0
National,X,2012,27,1970,4.72081,1,0,15,18,0,18,59,0,0,0.000507614,0,0.007614213,0.009137056,0,0.009137056,0.029949239,0,0
National,X,2012,28,2052,4.5809,4,0,33,15,0,15,41,1,0,0.001949318,0,0.016081871,0.007309942,0,0.007309942,0.019980507,0.000487329,0
National,X,2012,29,2100,3.66667,0,0,18,11,0,11,48,0,0,0,0,0.008571429,0.005238095,0,0.005238095,0.022857143,0,0
National,X,2012,30,2048,5.12695,2,0,49,13,0,13,32,9,0,0.000976563,0,0.023925781,0.006347656,0,0.006347656,0.015625,0.004394531,0
National,X,2012,31,2161,9.48635,1,0,65,11,0,11,33,95,0,0.000462749,0,0.030078667,0.005090236,0,0.005090236,0.015270708,0.043961129,0
National,X,2012,32,2294,7.54141,1,0,62,12,0,12,25,73,0,0.00043592,0,0.027027027,0.005231037,0,0.005231037,0.010897995,0.031822145,0
National,X,2012,33,2501,6.71731,6,0,69,14,0,14,27,52,0,0.00239904,0,0.027588964,0.005597761,0,0.005597761,0.010795682,0.020791683,0
National,X,2012,34,2705,4.17745,6,0,48,21,0,21,23,15,0,0.002218115,0,0.017744917,0.007763401,0,0.007763401,0.008502773,0.005545287,0
National,X,2012,35,2746,3.05899,1,0,37,15,0,15,19,12,0,0.000364166,0,0.013474144,0.005462491,0,0.005462491,0.006919155,0.004369993,0
National,X,2012,36,2914,3.05422,1,0,34,17,0,17,32,5,0,0.000343171,0,0.011667811,0.005833905,0,0.005833905,0.010981469,0.001715854,0
National,X,2012,37,3280,2.22561,0,0,16,11,0,11,44,2,0,0,0,0.004878049,0.003353659,0,0.003353659,0.013414634,0.000609756,0
National,X,2012,38,3501,3.08483,5,0,43,18,0,18,42,0,0,0.001428163,0,0.012282205,0.005141388,0,0.005141388,0.011996572,0,0
National,X,2012,39,3649,3.59002,7,0,42,18,0,18,64,0,0,0.001918334,0,0.011510003,0.004932858,0,0.004932858,0.017539052,0,0
National,X,2012,40,4513,3.78905,9,0,73,11,0,11,78,0,0,0.001994239,0,0.016175493,0.002437403,0,0.002437403,0.017283404,0,0
National,X,2012,41,4914,3.92755,7,0,67,24,0,24,95,0,0,0.001424501,0,0.013634514,0.004884005,0,0.004884005,0.019332519,0,0
National,X,2012,42,5249,5.81063,4,0,131,48,0,48,122,0,0,0.00076205,0,0.024957135,0.009144599,0,0.009144599,0.023242522,0,0
National,X,2012,43,5306,6.55861,3,0,152,52,0,52,141,0,0,0.000565398,0,0.028646815,0.009800226,0,0.009800226,0.02657369,0,0
National,X,2012,44,5406,7.86164,4,0,188,79,0,79,154,0,0,0.000739919,0,0.034776175,0.014613393,0,0.014613393,0.028486866,0,0
National,X,2012,45,6446,9.75799,5,0,277,116,0,116,231,0,0,0.000775675,0,0.042972386,0.017995656,0,0.017995656,0.035836177,0,0
National,X,2012,46,6721,13.3611,8,0,404,217,0,217,267,2,0,0.001190299,0,0.060110103,0.032286862,0,0.032286862,0.039726231,0.000297575,0
National,X,2012,47,7433,18.4179,7,0,591,407,0,407,364,0,0,0.000941746,0,0.079510292,0.054755819,0,0.054755819,0.048970806,0,0
National,X,2012,48,9333,22.3829,19,0,1022,545,0,545,503,0,0,0.002035787,0,0.109503911,0.058394943,0,0.058394943,0.053894782,0,0
National,X,2012,49,12060,29.204,39,0,1787,1003,0,1003,693,0,0,0.003233831,0,0.148175788,0.083167496,0,0.083167496,0.057462687,0,0
National,X,2012,50,14711,32.6083,53,0,2662,1226,0,1226,856,0,0,0.003602746,0,0.180953028,0.083338998,0,0.083338998,0.058187751,0,0
National,X,2012,51,16904,37.4527,55,0,3703,1419,0,1419,1154,0,0,0.003253668,0,0.219060577,0.083944628,0,0.083944628,0.068267866,0,0
National,X,2012,52,18139,37.8742,88,0,3825,1758,0,1758,1199,0,0,0.004851425,0,0.210871603,0.096918242,0,0.096918242,0.066100667,0,0
National,X,2013,1,19673,35.2971,95,0,3723,1980,0,1980,1146,0,0,0.004828953,0,0.189244142,0.100645555,0,0.100645555,0.058252427,0,0
National,X,2013,2,22224,34.2063,126,0,4073,2166,0,2166,1237,0,0,0.005669546,0,0.183270338,0.097462203,0,0.097462203,0.055660547,0,0
National,X,2013,3,20931,30.5432,127,0,3232,1892,0,1892,1142,0,0,0.006067555,0,0.154412116,0.090392241,0,0.090392241,0.054560222,0,0
National,X,2013,4,18668,29.5747,145,0,2527,1660,0,1660,1189,0,0,0.007767302,0,0.135365331,0.08892222,0,0.08892222,0.063691879,0,0
National,X,2013,5,16228,26.5221,143,0,1952,1051,0,1051,1158,0,0,0.00881193,0,0.120285926,0.064764604,0,0.064764604,0.071358146,0,0
National,X,2013,6,14491,22.7314,121,0,1205,780,0,780,1188,0,0,0.00835001,0,0.083155062,0.053826513,0,0.053826513,0.08198192,0,0
National,X,2013,7,12691,20.8809,78,0,844,534,0,534,1194,0,0,0.006146088,0,0.066503822,0.042077062,0,0.042077062,0.094082421,0,0
National,X,2013,8,11354,20.037,78,0,575,397,0,397,1225,0,0,0.006869826,0,0.050642945,0.034965651,0,0.034965651,0.107891492,0,0
National,X,2013,9,10504,18.7262,60,0,417,309,0,309,1181,0,0,0.00571211,0,0.039699162,0.029417365,0,0.029417365,0.112433359,0,0
National,X,2013,10,10165,17.9144,70,0,330,217,0,217,1204,0,0,0.006886375,0,0.032464338,0.021347762,0,0.021347762,0.118445647,0,0
National,X,2013,11,9559,16.916,49,0,212,201,0,201,1155,0,0,0.005126059,0,0.022178052,0.021027304,0,0.021027304,0.120828539,0,0
National,X,2013,12,8647,15.913,36,0,179,144,0,144,1017,0,0,0.004163294,0,0.020700821,0.016653175,0,0.016653175,0.117613045,0,0
National,X,2013,13,7722,14.4522,41,0,124,98,0,98,853,0,0,0.005309505,0,0.016058016,0.012691013,0,0.012691013,0.11046361,0,0
National,X,2013,14,6782,13.9339,30,0,121,107,0,107,687,0,0,0.004423474,0,0.017841345,0.015777057,0,0.015777057,0.101297552,0,0
National,X,2013,15,6198,10.8261,48,0,69,65,0,65,489,0,0,0.007744434,0,0.011132623,0.010487254,0,0.010487254,0.078896418,0,0
National,X,2013,16,5575,8.75336,30,0,79,47,0,47,332,0,0,0.005381166,0,0.014170404,0.008430493,0,0.008430493,0.05955157,0,0
National,X,2013,17,5095,7.67419,34,0,60,48,0,48,249,0,0,0.006673209,0,0.011776251,0.009421001,0,0.009421001,0.048871443,0,0
National,X,2013,18,4919,6.5867,18,0,55,29,0,29,222,0,0,0.00365928,0,0.011181134,0.005895507,0,0.005895507,0.045131124,0,0
National,X,2013,19,4473,5.41024,13,0,36,27,0,27,166,0,0,0.002906327,0,0.00804829,0.006036217,0,0.006036217,0.037111558,0,0
National,X,2013,20,4102,4.46124,11,0,24,22,0,22,126,0,0,0.002681619,0,0.005850804,0.005363237,0,0.005363237,0.030716724,0,0
National,X,2013,21,4097,4.36905,15,0,21,20,0,20,123,0,0,0.003661216,0,0.005125702,0.004881621,0,0.004881621,0.030021967,0,0
National,X,2013,22,3587,4.20965,14,0,14,28,0,28,95,0,0,0.003902983,0,0.003902983,0.007805966,0,0.007805966,0.026484527,0,0
National,X,2013,23,3576,3.85906,14,0,13,29,0,29,82,0,0,0.003914989,0,0.003635347,0.00810962,0,0.00810962,0.022930649,0,0
National,X,2013,24,3254,3.93362,21,0,12,32,0,32,63,0,0,0.006453596,0,0.003687769,0.00983405,0,0.00983405,0.019360787,0,0
National,X,2013,25,3227,3.99752,29,0,12,31,0,31,55,2,0,0.008986675,0,0.003718624,0.009606446,0,0.009606446,0.017043694,0.000619771,0
National,X,2013,26,2999,3.23441,34,0,5,24,0,24,28,6,0,0.011337112,0,0.001667222,0.008002668,0,0.008002668,0.009336445,0.002000667,0
National,X,2013,27,2579,3.25708,17,0,14,24,0,24,25,4,0,0.006591702,0,0.005428461,0.009305933,0,0.009305933,0.00969368,0.001550989,0
National,X,2013,28,2653,3.76932,23,0,30,33,0,33,14,0,0,0.008669431,0,0.011307953,0.012438749,0,0.012438749,0.005277045,0,0
National,X,2013,29,2504,2.95527,21,0,13,25,0,25,14,1,0,0.008386581,0,0.005191693,0.009984026,0,0.009984026,0.005591054,0.000399361,0
National,X,2013,30,2316,2.9361,20,0,11,26,0,26,10,1,0,0.008635579,0,0.004749568,0.011226252,0,0.011226252,0.004317789,0.000431779,0
National,X,2013,31,2549,3.49157,23,0,14,30,0,30,20,2,0,0.009023146,0,0.00549235,0.011769321,0,0.011769321,0.007846214,0.000784621,0
National,X,2013,32,2494,3.12751,28,0,11,27,0,27,12,0,0,0.011226945,0,0.004410585,0.010825982,0,0.010825982,0.004811548,0,0
National,X,2013,33,2304,2.77778,16,0,3,33,0,33,12,0,0,0.006944444,0,0.001302083,0.014322917,0,0.014322917,0.005208333,0,0
National,X,2013,34,2560,2.34375,12,0,4,40,0,40,3,1,0,0.0046875,0,0.0015625,0.015625,0,0.015625,0.001171875,0.000390625,0
National,X,2013,35,3006,4.09182,42,0,4,66,0,66,10,1,0,0.013972056,0,0.001330672,0.021956088,0,0.021956088,0.00332668,0.000332668,0
National,X,2013,36,3148,3.65311,25,0,6,71,0,71,13,0,0,0.00794155,0,0.001905972,0.022554003,0,0.022554003,0.004129606,0,0
National,X,2013,37,3602,3.38701,49,0,7,59,0,59,7,0,0,0.013603554,0,0.001943365,0.016379789,0,0.016379789,0.001943365,0,0
National,X,2013,38,3888,3.1893,38,0,8,56,0,56,22,0,0,0.009773663,0,0.002057613,0.014403292,0,0.014403292,0.005658436,0,0
National,X,2013,39,4596,4.09051,55,0,11,102,0,102,20,0,0,0.011966928,0,0.002393386,0.022193211,0,0.022193211,0.00435161,0,0
National,X,2013,40,4911,3.95032,69,0,13,83,0,83,28,1,0,0.014050092,0,0.002647119,0.016900835,0,0.016900835,0.005701486,0.000203625,0
National,X,2013,41,5808,3.94284,57,0,24,116,0,116,32,0,0,0.00981405,0,0.004132231,0.019972452,0,0.019972452,0.005509642,0,0
National,X,2013,42,5801,3.18911,49,0,16,94,0,94,26,0,0,0.00844682,0,0.002758145,0.016204103,0,0.016204103,0.004481986,0,0
National,X,2013,43,5886,3.53381,73,0,21,100,0,100,14,0,0,0.012402311,0,0.003567788,0.016989467,0,0.016989467,0.002378525,0,0
National,X,2013,44,6316,4.63901,88,0,26,136,0,136,43,0,0,0.013932869,0,0.004116529,0.021532616,0,0.021532616,0.006808106,0,0
National,X,2013,45,6945,5.75954,157,0,29,171,0,171,43,0,0,0.022606192,0,0.004175666,0.02462203,0,0.02462203,0.006191505,0,0
National,X,2013,46,7203,7.19145,272,0,21,188,0,188,37,0,0,0.037762044,0,0.002915452,0.026100236,0,0.026100236,0.005136749,0,0
National,X,2013,47,7839,9.14657,425,0,22,213,0,213,57,0,0,0.054216099,0,0.00280648,0.027171833,0,0.027171833,0.007271336,0,0
National,X,2013,48,7433,12.0813,496,0,29,331,0,331,42,0,0,0.06672945,0,0.00390152,0.044531145,0,0.044531145,0.005650478,0,0
National,X,2013,49,10169,16.9043,1023,0,34,593,0,593,69,0,0,0.100599862,0,0.003343495,0.058314485,0,0.058314485,0.006785328,0,0
National,X,2013,50,10837,20.7899,1324,0,56,821,0,821,52,0,0,0.122174033,0,0.005167482,0.075758974,0,0.075758974,0.004798376,0,0
National,X,2013,51,14015,28.2198,2231,0,51,1606,0,1606,67,0,0,0.159186586,0,0.003638958,0.114591509,0,0.114591509,0.004780592,0,0
National,X,2013,52,15748,31.0706,3004,0,47,1749,0,1749,93,0,0,0.190754382,0,0.002984506,0.111061722,0,0.111061722,0.005905512,0,0
National,X,2014,1,17779,29.1749,3477,0,84,1538,0,1538,88,0,0,0.195567805,0,0.004724675,0.086506553,0,0.086506553,0.00494966,0,0
National,X,2014,2,18253,27.705,3544,0,106,1316,0,1316,91,0,0,0.194159864,0,0.005807265,0.072097737,0,0.072097737,0.004985482,0,0
National,X,2014,3,17480,26.7735,3263,0,126,1160,0,1160,131,0,0,0.186670481,0,0.007208238,0.066361556,0,0.066361556,0.007494279,0,0
National,X,2014,4,16468,24.3017,2643,0,132,1042,0,1042,185,0,0,0.160493077,0,0.008015545,0.063274229,0,0.063274229,0.011233908,0,0
National,X,2014,5,14618,20.4542,1945,0,94,776,0,776,175,0,0,0.133055138,0,0.006430428,0.053085237,0,0.053085237,0.011971542,0,0
National,X,2014,6,12995,19.0612,1571,0,130,557,0,557,219,0,0,0.120892651,0,0.010003848,0.042862639,0,0.042862639,0.016852636,0,0
National,X,2014,7,11892,16.406,1133,0,102,489,0,489,227,0,0,0.095274134,0,0.008577195,0.041120081,0,0.041120081,0.019088463,0,0
National,X,2014,8,11127,13.6425,840,0,93,337,0,337,248,0,0,0.075492046,0,0.008358048,0.03028669,0,0.03028669,0.022288128,0,0
National,X,2014,9,10252,11.8806,581,0,102,261,0,261,274,0,0,0.056671869,0,0.009949278,0.025458447,0,0.025458447,0.026726492,0,0
National,X,2014,10,9441,10.8357,413,0,102,207,0,207,301,0,0,0.043745366,0,0.01080394,0.021925643,0,0.021925643,0.031882216,0,0
National,X,2014,11,8922,11.0513,351,0,138,163,0,163,334,0,0,0.039340955,0,0.015467384,0.018269446,0,0.018269446,0.037435553,0,0
National,X,2014,12,8216,12.5365,212,0,164,190,0,190,464,0,0,0.025803311,0,0.019961052,0.023125609,0,0.023125609,0.05647517,0,0
National,X,2014,13,7905,13.3207,156,0,184,188,0,188,525,0,0,0.019734345,0,0.023276407,0.023782416,0,0.023782416,0.066413662,0,0
National,X,2014,14,7531,14.5133,116,0,236,146,0,146,595,0,0,0.015403001,0,0.03133714,0.019386536,0,0.019386536,0.079006772,0,0
National,X,2014,15,7179,14.9603,55,0,227,168,0,168,624,0,0,0.007661234,0,0.031620003,0.023401588,0,0.023401588,0.086920184,0,0
National,X,2014,16,6648,13.7184,36,0,222,138,0,138,516,0,0,0.005415162,0,0.033393502,0.020758123,0,0.020758123,0.077617329,0,0
National,X,2014,17,6317,13.0442,35,0,191,129,0,129,469,0,0,0.005540605,0,0.030235871,0.020421086,0,0.020421086,0.074244103,0,0
National,X,2014,18,5865,12.6513,13,0,151,131,0,131,447,0,0,0.002216539,0,0.025745951,0.022335891,0,0.022335891,0.076214834,0,0
National,X,2014,19,5436,10.9823,9,0,130,104,0,104,354,0,0,0.001655629,0,0.023914643,0.019131714,0,0.019131714,0.065121413,0,0
National,X,2014,20,5315,10.3669,8,0,119,102,0,102,322,0,0,0.001505174,0,0.022389464,0.019190969,0,0.019190969,0.060583255,0,0
National,X,2014,21,4833,8.42127,4,0,105,62,0,62,236,0,0,0.000827643,0,0.021725636,0.012828471,0,0.012828471,0.048830954,0,0
National,X,2014,22,4757,8.89216,3,0,115,80,0,80,225,0,0,0.00063065,0,0.0241749,0.016817322,0,0.016817322,0.047298718,0,0
National,X,2014,23,4310,7.21578,3,0,97,51,0,51,160,0,0,0.000696056,0,0.0225058,0.011832947,0,0.011832947,0.03712297,0,0
National,X,2014,24,4140,7.10145,3,0,101,50,0,50,140,0,0,0.000724638,0,0.024396135,0.012077295,0,0.012077295,0.033816425,0,0
National,X,2014,25,3877,5.88084,3,0,69,43,0,43,113,0,0,0.000773794,0,0.017797266,0.01109105,0,0.01109105,0.029146247,0,0
National,X,2014,26,3434,5.06698,1,0,45,28,0,28,100,0,0,0.000291206,0,0.013104252,0.008153757,0,0.008153757,0.029120559,0,0
National,X,2014,27,3144,5.02545,2,0,47,26,0,26,83,0,0,0.000636132,0,0.014949109,0.00826972,0,0.00826972,0.026399491,0,0
National,X,2014,28,3057,5.00491,3,0,55,29,0,29,66,0,0,0.000981354,0,0.017991495,0.009486425,0,0.009486425,0.021589794,0,0
National,X,2014,29,3188,3.79548,0,0,41,19,0,19,61,0,0,0,0,0.012860728,0.005959849,0,0.005959849,0.019134253,0,0
National,X,2014,30,3127,3.74161,2,0,37,28,0,28,50,0,0,0.000639591,0,0.011832427,0.008954269,0,0.008954269,0.015989767,0,0
National,X,2014,31,2939,3.64069,2,0,53,25,0,25,27,0,0,0.000680504,0,0.018033345,0.008506295,0,0.008506295,0.009186798,0,0
National,X,2014,32,2973,2.95997,5,0,44,15,0,15,23,1,0,0.001681803,0,0.014799865,0.005045409,0,0.005045409,0.007736293,0.000336361,0
National,X,2014,33,3270,3.42508,1,0,54,21,0,21,36,0,0,0.00030581,0,0.016513761,0.006422018,0,0.006422018,0.011009174,0,0
National,X,2014,34,3339,3.2944,3,0,45,19,0,19,42,1,0,0.000898473,0,0.013477089,0.005690326,0,0.005690326,0.012578616,0.000299491,0
National,X,2014,35,3973,3.42311,6,0,62,26,0,26,42,0,0,0.001510194,0,0.015605336,0.006544173,0,0.006544173,0.010571357,0,0
National,X,2014,36,4227,2.76792,7,0,44,32,0,32,34,0,0,0.001656021,0,0.010409274,0.007570381,0,0.007570381,0.00804353,0,0
National,X,2014,37,5324,2.46056,1,0,66,33,0,33,31,0,0,0.000187829,0,0.012396694,0.006198347,0,0.006198347,0.00582269,0,0
National,X,2014,38,5681,3.01003,6,0,81,31,0,31,53,0,0,0.001056152,0,0.014258053,0.005456786,0,0.005456786,0.009329343,0,0
National,X,2014,39,5905,3.4547,1,0,87,51,0,51,65,0,0,0.000169348,0,0.014733277,0.008636749,0,0.008636749,0.011007621,0,0
National,X,2014,40,9567,3.22985,2,0,100,97,0,97,110,0,0,0.000209052,0,0.010452597,0.01013902,0,0.01013902,0.011497857,0,0
National,X,2014,41,11036,3.97789,5,0,125,149,0,149,160,0,0,0.000453063,0,0.011326568,0.013501269,0,0.013501269,0.014498007,0,0
National,X,2014,42,11729,4.97911,7,0,226,186,0,186,164,1,0,0.000596811,0,0.01926848,0.015858129,0,0.015858129,0.013982437,8.52588E-05,0
National,X,2014,43,11385,4.77822,5,0,212,200,0,200,127,0,0,0.000439174,0,0.018620993,0.017566974,0,0.017566974,0.011155029,0,0
National,X,2014,44,11531,6.30474,4,0,295,292,0,292,136,0,0,0.000346891,0,0.02558321,0.025323042,0,0.025323042,0.011794294,0,0
National,X,2014,45,12918,8.94875,6,0,506,489,0,489,155,0,0,0.000464468,0,0.03917015,0.037854157,0,0.037854157,0.011998761,0,0
National,X,2014,46,13777,10.2853,8,0,633,629,0,629,147,0,0,0.000580678,0,0.045946142,0.045655803,0,0.045655803,0.010669957,0,0
National,X,2014,47,16166,14.8645,5,0,1002,1233,0,1233,163,0,0,0.000309291,0,0.061981937,0.076271186,0,0.076271186,0.01008289,0,0
National,X,2014,48,18504,19.585,8,0,1538,1878,0,1878,200,0,0,0.000432339,0,0.083117164,0.101491569,0,0.101491569,0.010808474,0,0
National,X,2014,49,23068,23.1056,13,0,2585,2483,0,2483,249,0,0,0.000563551,0,0.112059997,0.107638287,0,0.107638287,0.010794174,0,0
National,X,2014,50,29223,28.0293,6,0,3823,4047,0,4047,315,0,0,0.000205318,0,0.130821613,0.138486808,0,0.138486808,0.010779181,0,0
National,X,2014,51,37114,30.9048,4,0,4978,6163,0,6163,325,0,0,0.000107776,0,0.134127284,0.166055936,0,0.166055936,0.008756803,0,0
National,X,2014,52,42518,32.4521,10,0,5549,7847,0,7847,392,0,0,0.000235195,0,0.130509431,0.184557129,0,0.184557129,0.009219625,0,0
National,X,2014,53,41550,27.3742,10,0,5260,5695,0,5695,409,0,0,0.000240674,0,0.126594465,0.137063779,0,0.137063779,0.009843562,0,0
National,X,2015,1,38508,24.0106,11,0,4908,3955,0,3955,372,0,0,0.000285655,0,0.127454036,0.102705931,0,0.102705931,0.00966033,0,0
National,X,2015,2,35598,24.2935,9,0,4586,3580,0,3580,473,0,0,0.000252823,0,0.128827462,0.100567448,0,0.100567448,0.013287263,0,0
National,X,2015,3,34194,23.3462,4,0,3918,3513,0,3513,548,0,0,0.00011698,0,0.114581506,0.102737322,0,0.102737322,0.016026203,0,0
National,X,2015,4,32003,21.5011,11,0,3475,2789,0,2789,606,0,0,0.000343718,0,0.10858357,0.08714808,0,0.08714808,0.018935725,0,0
National,X,2015,5,29581,19.0054,10,0,2719,2170,0,2170,723,0,0,0.000338055,0,0.091917109,0.073357899,0,0.073357899,0.024441364,0,0
National,X,2015,6,26994,15.5479,7,0,1746,1575,0,1575,869,0,0,0.000259317,0,0.06468104,0.058346299,0,0.058346299,0.032192339,0,0
National,X,2015,7,24293,13.8723,10,0,1242,1108,0,1108,1010,0,0,0.000411641,0,0.051125839,0.045609846,0,0.045609846,0.041575763,0,0
National,X,2015,8,22294,12.7344,18,0,954,740,0,740,1127,0,0,0.000807392,0,0.042791783,0.033192787,0,0.033192787,0.050551718,0,0
National,X,2015,9,20420,13.1685,5,0,774,558,0,558,1352,0,0,0.000244858,0,0.037904016,0.027326151,0,0.027326151,0.066209598,0,0
National,X,2015,10,19845,12.7337,8,0,458,405,0,405,1656,0,0,0.000403124,0,0.023078861,0.020408163,0,0.020408163,0.083446712,0,0
National,X,2015,11,18419,11.9931,2,0,340,302,0,302,1565,0,0,0.000108584,0,0.0184592,0.016396113,0,0.016396113,0.084966611,0,0
National,X,2015,12,16980,11.2485,7,0,227,197,0,197,1479,0,0,0.00041225,0,0.013368669,0.011601885,0,0.011601885,0.087102473,0,0
National,X,2015,13,15125,11.0281,4,0,168,119,0,119,1377,0,0,0.000264463,0,0.011107438,0.007867769,0,0.007867769,0.091041322,0,0
National,X,2015,14,14743,9.99797,8,0,87,107,0,107,1272,0,0,0.00054263,0,0.005901106,0.007257682,0,0.007257682,0.086278234,0,0
National,X,2015,15,13389,8.41736,13,0,66,79,0,79,969,0,0,0.000970946,0,0.00492942,0.005900366,0,0.005900366,0.072372843,0,0
National,X,2015,16,11873,6.51057,2,0,48,40,0,40,683,0,0,0.000168449,0,0.004042786,0.003368988,0,0.003368988,0.057525478,0,0
National,X,2015,17,10770,5.66388,4,0,26,36,0,36,544,0,0,0.000371402,0,0.002414113,0.003342618,0,0.003342618,0.050510678,0,0
National,X,2015,18,9784,5.38635,2,0,12,19,0,19,494,0,0,0.000204415,0,0.001226492,0.001941946,0,0.001941946,0.050490597,0,0
National,X,2015,19,9188,4.17936,2,0,16,26,0,26,340,0,0,0.000217675,0,0.001741402,0.002829778,0,0.002829778,0.037004789,0,0
National,X,2015,20,8412,3.66144,1,0,21,19,0,19,267,0,0,0.000118878,0,0.002496434,0.002258678,0,0.002258678,0.031740371,0,0
National,X,2015,21,7748,2.91688,1,0,20,21,0,21,184,0,0,0.000129066,0,0.002581311,0.002710377,0,0.002710377,0.023748064,0,0
National,X,2015,22,6993,2.7742,0,0,20,22,0,22,152,0,0,0,0,0.002860003,0.003146003,0,0.003146003,0.021736022,0,0
National,X,2015,23,6725,2.64684,1,0,20,28,0,28,129,0,0,0.000148699,0,0.002973978,0.004163569,0,0.004163569,0.019182156,0,0
National,X,2015,24,6133,2.4784,2,0,50,22,0,22,78,0,0,0.000326105,0,0.008152617,0.003587151,0,0.003587151,0.012718083,0,0
National,X,2015,25,5558,2.17704,0,0,51,24,0,24,46,0,0,0,0,0.009175963,0.0043181,0,0.0043181,0.008276358,0,0
National,X,2015,26,5248,2.45808,2,0,59,35,0,35,33,0,0,0.000381098,0,0.011242378,0.006669207,0,0.006669207,0.00628811,0,0
National,X,2015,27,5260,1.88213,4,0,40,18,0,18,36,1,0,0.000760456,0,0.007604563,0.003422053,0,0.003422053,0.006844106,0.000190114,0
National,X,2015,28,5039,1.70669,3,0,35,11,0,11,37,0,0,0.000595356,0,0.006945823,0.002182973,0,0.002182973,0.007342727,0,0
National,X,2015,29,4811,1.51736,2,0,31,19,0,19,21,0,0,0.000415714,0,0.006443567,0.003949283,0,0.003949283,0.004364997,0,0
National,X,2015,30,4785,1.5256,0,0,44,20,0,20,9,0,0,0,0,0.009195402,0.004179728,0,0.004179728,0.001880878,0,0
National,X,2015,31,4790,1.94154,4,0,50,21,0,21,18,0,0,0.000835073,0,0.010438413,0.004384134,0,0.004384134,0.003757829,0,0
National,X,2015,32,4910,1.64969,3,0,34,30,0,30,14,0,0,0.000610998,0,0.006924644,0.00610998,0,0.00610998,0.002851324,0,0
National,X,2015,33,5170,1.89555,2,0,55,25,0,25,16,0,0,0.000386847,0,0.010638298,0.00483559,0,0.00483559,0.003094778,0,0
National,X,2015,34,5381,1.85839,3,0,44,33,0,33,20,0,0,0.000557517,0,0.008176919,0.006132689,0,0.006132689,0.003716781,0,0
National,X,2015,35,6115,2.2731,3,0,64,43,0,43,29,0,0,0.000490597,0,0.010466067,0.007031889,0,0.007031889,0.004742437,0,0
National,X,2015,36,6786,2.18096,1,0,74,35,0,35,38,0,0,0.000147362,0,0.010904804,0.005157678,0,0.005157678,0.005599764,0,0
National,X,2015,37,7694,2.57343,4,0,91,56,0,56,47,0,0,0.000519886,0,0.011827398,0.007278399,0,0.007278399,0.006108656,0,0
National,X,2015,38,8855,1.88594,1,0,58,62,0,62,46,0,0,0.000112931,0,0.006549972,0.007001694,0,0.007001694,0.005194805,0,0
National,X,2015,39,9876,2.04536,7,0,77,59,0,59,59,0,0,0.000708789,0,0.007796679,0.005974079,0,0.005974079,0.005974079,0,0
